Date,Num,Day,Visitor,League,Game,Home,League,Game,Day/Night,Location,Postponed,Makeup
20260325,0,Wednesday,NYA,AL,1,SFN,NL,1,d,SFO03,,
20260326,0,Thursday,PIT,NL,1,NYN,NL,1,d,NYC20,,
20260326,0,Thursday,CHA,AL,1,MIL,NL,1,d,MIL06,,
20260326,0,Thursday,WAS,NL,1,CHN,NL,1,d,CHI11,,
20260326,0,Thursday,MIN,AL,1,BAL,AL,1,d,BAL12,,
20260326,0,Thursday,BOS,AL,1,CIN,NL,1,d,CIN09,,
20260326,0,Thursday,ANA,AL,1,HOU,AL,1,d,HOU03,,
20260326,0,Thursday,DET,AL,1,SDN,NL,1,d,SAN02,,
20260326,0,Thursday,TEX,AL,1,PHI,NL,1,d,PHI13,,
20260326,0,Thursday,TBA,AL,1,SLN,NL,1,d,STL10,,
20260326,0,Thursday,ARI,NL,1,LAN,NL,1,d,LOS03,,
20260326,0,Thursday,CLE,AL,1,SEA,AL,1,n,SEA03,,
20260327,0,Friday,NYA,AL,2,SFN,NL,2,d,SFO03,,
20260327,0,Friday,ATH,AL,1,TOR,AL,1,n,TOR02,,
20260327,0,Friday,COL,NL,1,MIA,NL,1,n,MIA02,,
20260327,0,Friday,KCA,AL,1,ATL,NL,1,n,ATL03,,
20260327,0,Friday,ANA,AL,2,HOU,AL,2,n,HOU03,,
20260327,0,Friday,DET,AL,2,SDN,NL,2,n,SAN02,,
20260327,0,Friday,CLE,AL,2,SEA,AL,2,n,SEA03,,
20260327,0,Friday,ARI,NL,2,LAN,NL,2,n,LOS03,,
20260328,0,Saturday,TBA,AL,2,SLN,NL,2,d,STL10,,
20260328,0,Saturday,WAS,NL,2,CHN,NL,2,d,CHI11,,
20260328,0,Saturday,ATH,AL,2,TOR,AL,2,d,TOR02,,
20260328,0,Saturday,MIN,AL,2,BAL,AL,2,d,BAL12,,
20260328,0,Saturday,TEX,AL,2,PHI,NL,2,d,PHI13,,
20260328,0,Saturday,BOS,AL,2,CIN,NL,2,d,CIN09,,
20260328,0,Saturday,COL,NL,2,MIA,NL,2,d,MIA02,,
20260328,0,Saturday,PIT,NL,2,NYN,NL,2,d,NYC20,,
20260328,0,Saturday,ANA,AL,3,HOU,AL,3,n,HOU03,,
20260328,0,Saturday,CHA,AL,2,MIL,NL,2,n,MIL06,,
20260328,0,Saturday,KCA,AL,2,ATL,NL,2,n,ATL03,,
20260328,0,Saturday,NYA,AL,3,SFN,NL,3,d,SFO03,,
20260328,0,Saturday,DET,AL,3,SDN,NL,3,d,SAN02,,
20260328,0,Saturday,ARI,NL,3,LAN,NL,3,n,LOS03,,
20260328,0,Saturday,CLE,AL,3,SEA,AL,3,n,SEA03,,
20260329,0,Sunday,KCA,AL,3,ATL,NL,3,d,ATL03,,
20260329,0,Sunday,MIN,AL,3,BAL,AL,3,d,BAL12,,
20260329,0,Sunday,TEX,AL,3,PHI,NL,3,d,PHI13,,
20260329,0,Sunday,ATH,AL,3,TOR,AL,3,d,TOR02,,
20260329,0,Sunday,BOS,AL,3,CIN,NL,3,d,CIN09,,
20260329,0,Sunday,COL,NL,3,MIA,NL,3,d,MIA02,,
20260329,0,Sunday,PIT,NL,3,NYN,NL,3,d,NYC20,,
20260329,0,Sunday,ANA,AL,4,HOU,AL,4,d,HOU03,,
20260329,0,Sunday,CHA,AL,3,MIL,NL,3,d,MIL06,,
20260329,0,Sunday,TBA,AL,3,SLN,NL,3,d,STL10,,
20260329,0,Sunday,WAS,NL,3,CHN,NL,3,d,CHI11,,
20260329,0,Sunday,CLE,AL,4,SEA,AL,4,d,SEA03,,
20260330,0,Monday,MIN,AL,4,KCA,AL,4,d,KAN06,,
20260330,0,Monday,TEX,AL,4,BAL,AL,4,n,BAL12,,
20260330,0,Monday,PIT,NL,4,CIN,NL,4,n,CIN09,,
20260330,0,Monday,CHA,AL,4,MIA,NL,4,n,MIA02,,
20260330,0,Monday,WAS,NL,4,PHI,NL,4,n,PHI13,,
20260330,0,Monday,COL,NL,4,TOR,AL,4,n,TOR02,,
20260330,0,Monday,ATH,AL,4,ATL,NL,4,n,ATL03,,
20260330,0,Monday,ANA,AL,5,CHN,NL,4,n,CHI11,,
20260330,0,Monday,TBA,AL,4,MIL,NL,4,n,MIL06,,
20260330,0,Monday,NYN,NL,4,SLN,NL,4,n,STL10,,
20260330,0,Monday,BOS,AL,4,HOU,AL,5,n,HOU03,,
20260330,0,Monday,SFN,NL,4,SDN,NL,4,n,SAN02,,
20260330,0,Monday,NYA,AL,4,SEA,AL,5,n,SEA03,,
20260330,0,Monday,DET,AL,4,ARI,NL,4,n,PHO01,,
20260330,0,Monday,CLE,AL,5,LAN,NL,4,n,LOS03,,
20260331,0,Tuesday,TEX,AL,5,BAL,AL,5,n,BAL12,,
20260331,0,Tuesday,PIT,NL,5,CIN,NL,5,n,CIN09,,
20260331,0,Tuesday,CHA,AL,5,MIA,NL,5,n,MIA02,,
20260331,0,Tuesday,WAS,NL,5,PHI,NL,5,n,PHI13,,
20260331,0,Tuesday,COL,NL,5,TOR,AL,5,n,TOR02,,
20260331,0,Tuesday,ATH,AL,5,ATL,NL,5,n,ATL03,,
20260331,0,Tuesday,ANA,AL,6,CHN,NL,5,n,CHI11,,
20260331,0,Tuesday,TBA,AL,5,MIL,NL,5,n,MIL06,,
20260331,0,Tuesday,NYN,NL,5,SLN,NL,5,n,STL10,,
20260331,0,Tuesday,BOS,AL,5,HOU,AL,6,n,HOU03,,
20260331,0,Tuesday,DET,AL,5,ARI,NL,5,n,PHO01,,
20260331,0,Tuesday,SFN,NL,5,SDN,NL,5,n,SAN02,,
20260331,0,Tuesday,NYA,AL,5,SEA,AL,6,n,SEA03,,
20260331,0,Tuesday,CLE,AL,6,LAN,NL,5,n,LOS03,,
20260401,0,Wednesday,ATH,AL,6,ATL,NL,6,d,ATL03,,
20260401,0,Wednesday,TEX,AL,6,BAL,AL,6,d,BAL12,,
20260401,0,Wednesday,PIT,NL,6,CIN,NL,6,d,CIN09,,
20260401,0,Wednesday,WAS,NL,6,PHI,NL,6,d,PHI13,,
20260401,0,Wednesday,COL,NL,6,TOR,AL,6,d,TOR02,,
20260401,0,Wednesday,CHA,AL,6,MIA,NL,6,d,MIA02,,
20260401,0,Wednesday,NYN,NL,6,SLN,NL,6,d,STL10,,
20260401,0,Wednesday,TBA,AL,6,MIL,NL,6,d,MIL06,,
20260401,0,Wednesday,BOS,AL,6,HOU,AL,7,d,HOU03,,
20260401,0,Wednesday,ANA,AL,7,CHN,NL,6,d,CHI11,,
20260401,0,Wednesday,DET,AL,6,ARI,NL,6,d,PHO01,,
20260401,0,Wednesday,SFN,NL,6,SDN,NL,6,d,SAN02,,
20260401,0,Wednesday,NYA,AL,6,SEA,AL,7,d,SEA03,,
20260401,0,Wednesday,MIN,AL,5,KCA,AL,5,n,KAN06,,
20260401,0,Wednesday,CLE,AL,7,LAN,NL,6,d,LOS03,,
20260402,0,Thursday,MIN,AL,6,KCA,AL,6,d,KAN06,,
20260402,0,Thursday,TOR,AL,7,CHA,AL,7,d,CHI12,,
20260402,0,Thursday,ATL,NL,7,ARI,NL,7,n,PHO01,,
20260402,0,Thursday,NYN,NL,7,SFN,NL,7,n,SFO03,,
20260403,0,Friday,LAN,NL,7,WAS,NL,7,d,WAS11,,
20260403,0,Friday,SLN,NL,7,DET,AL,7,d,DET05,,
20260403,0,Friday,MIA,NL,7,NYA,AL,7,d,NYC21,,
20260403,0,Friday,SDN,NL,7,BOS,AL,7,d,BOS07,,
20260403,0,Friday,CIN,NL,7,TEX,AL,7,d,ARL03,,
20260403,0,Friday,CHN,NL,7,CLE,AL,8,d,CLE08,,
20260403,0,Friday,PHI,NL,7,COL,NL,7,d,DEN02,,
20260403,0,Friday,TBA,AL,7,MIN,AL,7,d,MIN04,,
20260403,0,Friday,BAL,AL,7,PIT,NL,7,d,PIT08,,
20260403,0,Friday,MIL,NL,7,KCA,AL,7,n,KAN06,,
20260403,0,Friday,SEA,AL,8,ANA,AL,8,n,ANA01,,
20260403,0,Friday,HOU,AL,8,ATH,AL,7,n,SAC01,,
20260403,0,Friday,ATL,NL,8,ARI,NL,8,n,PHO01,,
20260403,0,Friday,NYN,NL,8,SFN,NL,8,n,SFO03,,
20260404,0,Saturday,SLN,NL,8,DET,AL,8,d,DET05,,
20260404,0,Saturday,TOR,AL,8,CHA,AL,8,d,CHI12,,
20260404,0,Saturday,HOU,AL,9,ATH,AL,8,d,SAC01,,
20260404,0,Saturday,BAL,AL,8,PIT,NL,8,d,PIT08,,
20260404,0,Saturday,LAN,NL,8,WAS,NL,8,d,WAS11,,
20260404,0,Saturday,SDN,NL,8,BOS,AL,8,d,BOS07,,
20260404,0,Saturday,MIL,NL,8,KCA,AL,8,d,KAN06,,
20260404,0,Saturday,MIA,NL,8,NYA,AL,8,n,NYC21,,
20260404,0,Saturday,CIN,NL,8,TEX,AL,8,n,ARL03,,
20260404,0,Saturday,TBA,AL,8,MIN,AL,8,n,MIN04,,
20260404,0,Saturday,ATL,NL,9,ARI,NL,9,d,PHO01,,
20260404,0,Saturday,CHN,NL,8,CLE,AL,9,n,CLE08,,
20260404,0,Saturday,PHI,NL,8,COL,NL,8,n,DEN02,,
20260404,0,Saturday,NYN,NL,9,SFN,NL,9,n,SFO03,,
20260404,0,Saturday,SEA,AL,9,ANA,AL,9,n,ANA01,,
20260405,0,Sunday,SDN,NL,9,BOS,AL,9,d,BOS07,,
20260405,0,Sunday,MIA,NL,9,NYA,AL,9,d,NYC21,,
20260405,0,Sunday,BAL,AL,9,PIT,NL,9,d,PIT08,,
20260405,0,Sunday,LAN,NL,9,WAS,NL,9,d,WAS11,,
20260405,0,Sunday,CHN,NL,9,CLE,AL,10,d,CLE08,,
20260405,0,Sunday,TOR,AL,9,CHA,AL,9,d,CHI12,,
20260405,0,Sunday,MIL,NL,9,KCA,AL,9,d,KAN06,,
20260405,0,Sunday,TBA,AL,9,MIN,AL,9,d,MIN04,,
20260405,0,Sunday,CIN,NL,9,TEX,AL,9,d,ARL03,,
20260405,0,Sunday,PHI,NL,9,COL,NL,9,d,DEN02,,
20260405,0,Sunday,HOU,AL,10,ATH,AL,9,d,SAC01,,
20260405,0,Sunday,NYN,NL,10,SFN,NL,10,d,SFO03,,
20260405,0,Sunday,SEA,AL,10,ANA,AL,10,d,ANA01,,
20260405,0,Sunday,ATL,NL,10,ARI,NL,10,d,PHO01,,
20260405,0,Sunday,SLN,NL,9,DET,AL,9,n,DET05,,
20260406,0,Monday,CHN,NL,10,TBA,AL,10,d,STP01,,
20260406,0,Monday,KCA,AL,10,CLE,AL,11,n,CLE08,,
20260406,0,Monday,CIN,NL,10,MIA,NL,10,n,MIA02,,
20260406,0,Monday,SDN,NL,10,PIT,NL,10,n,PIT08,,
20260406,0,Monday,MIL,NL,10,BOS,AL,10,n,BOS07,,
20260406,0,Monday,SLN,NL,10,WAS,NL,10,n,WAS11,,
20260406,0,Monday,LAN,NL,10,TOR,AL,10,n,TOR02,,
20260406,0,Monday,BAL,AL,10,CHA,AL,10,n,CHI12,,
20260406,0,Monday,DET,AL,10,MIN,AL,10,n,MIN04,,
20260406,0,Monday,SEA,AL,11,TEX,AL,10,n,ARL03,,
20260406,0,Monday,HOU,AL,11,COL,NL,10,n,DEN02,,
20260406,0,Monday,ATL,NL,11,ANA,AL,11,n,ANA01,,
20260406,0,Monday,PHI,NL,10,SFN,NL,11,n,SFO03,,
20260407,0,Tuesday,KCA,AL,11,CLE,AL,12,n,CLE08,,
20260407,0,Tuesday,CIN,NL,11,MIA,NL,11,n,MIA02,,
20260407,0,Tuesday,SDN,NL,11,PIT,NL,11,n,PIT08,,
20260407,0,Tuesday,CHN,NL,11,TBA,AL,11,n,STP01,,
20260407,0,Tuesday,MIL,NL,11,BOS,AL,11,n,BOS07,,
20260407,0,Tuesday,SLN,NL,11,WAS,NL,11,n,WAS11,,
20260407,0,Tuesday,ATH,AL,10,NYA,AL,10,n,NYC21,,
20260407,0,Tuesday,LAN,NL,11,TOR,AL,11,n,TOR02,,
20260407,0,Tuesday,ARI,NL,11,NYN,NL,11,n,NYC20,,
20260407,0,Tuesday,BAL,AL,11,CHA,AL,11,n,CHI12,,
20260407,0,Tuesday,DET,AL,11,MIN,AL,11,n,MIN04,,
20260407,0,Tuesday,SEA,AL,12,TEX,AL,11,n,ARL03,,
20260407,0,Tuesday,HOU,AL,12,COL,NL,11,n,DEN02,,
20260407,0,Tuesday,ATL,NL,12,ANA,AL,12,n,ANA01,,
20260407,0,Tuesday,PHI,NL,11,SFN,NL,12,n,SFO03,,
20260408,0,Wednesday,SDN,NL,12,PIT,NL,12,d,PIT08,,
20260408,0,Wednesday,KCA,AL,12,CLE,AL,13,d,CLE08,,
20260408,0,Wednesday,MIL,NL,12,BOS,AL,12,d,BOS07,,
20260408,0,Wednesday,BAL,AL,12,CHA,AL,12,d,CHI12,,
20260408,0,Wednesday,SEA,AL,13,TEX,AL,12,d,ARL03,,
20260408,0,Wednesday,LAN,NL,12,TOR,AL,12,d,TOR02,,
20260408,0,Wednesday,HOU,AL,13,COL,NL,12,d,DEN02,,
20260408,0,Wednesday,PHI,NL,12,SFN,NL,13,d,SFO03,,
20260408,0,Wednesday,SLN,NL,12,WAS,NL,12,d,WAS11,,
20260408,0,Wednesday,ATL,NL,13,ANA,AL,13,d,ANA01,,
20260408,0,Wednesday,CIN,NL,12,MIA,NL,12,n,MIA02,,
20260408,0,Wednesday,CHN,NL,12,TBA,AL,12,n,STP01,,
20260408,0,Wednesday,ATH,AL,11,NYA,AL,11,n,NYC21,,
20260408,0,Wednesday,ARI,NL,12,NYN,NL,12,n,NYC20,,
20260408,0,Wednesday,DET,AL,12,MIN,AL,12,n,MIN04,,
20260409,0,Thursday,CIN,NL,13,MIA,NL,13,d,MIA02,,
20260409,0,Thursday,ATH,AL,12,NYA,AL,12,d,NYC21,,
20260409,0,Thursday,DET,AL,13,MIN,AL,13,d,MIN04,,
20260409,0,Thursday,ARI,NL,13,NYN,NL,13,n,NYC20,,
20260409,0,Thursday,CHA,AL,13,KCA,AL,13,n,KAN06,,
20260409,0,Thursday,COL,NL,13,SDN,NL,13,n,SAN02,,
20260410,0,Friday,PIT,NL,13,CHN,NL,13,d,CHI11,,
20260410,0,Friday,MIA,NL,14,DET,AL,14,n,DET05,,
20260410,0,Friday,ARI,NL,14,PHI,NL,13,n,PHI13,,
20260410,0,Friday,ANA,AL,14,CIN,NL,14,n,CIN09,,
20260410,0,Friday,MIN,AL,14,TOR,AL,13,n,TOR02,,
20260410,0,Friday,ATH,AL,13,NYN,NL,14,n,NYC20,,
20260410,0,Friday,NYA,AL,13,TBA,AL,13,n,STP01,,
20260410,0,Friday,CLE,AL,14,ATL,NL,14,n,ATL03,,
20260410,0,Friday,SFN,NL,14,BAL,AL,13,n,BAL12,,
20260410,0,Friday,CHA,AL,14,KCA,AL,14,n,KAN06,,
20260410,0,Friday,WAS,NL,13,MIL,NL,13,n,MIL06,,
20260410,0,Friday,BOS,AL,13,SLN,NL,13,n,STL10,,
20260410,0,Friday,COL,NL,14,SDN,NL,14,n,SAN02,,
20260410,0,Friday,HOU,AL,14,SEA,AL,14,n,SEA03,,
20260410,0,Friday,TEX,AL,13,LAN,NL,13,n,LOS03,,
20260411,0,Saturday,ARI,NL,15,PHI,NL,14,d,PHI13,,
20260411,0,Saturday,MIA,NL,15,DET,AL,15,d,DET05,,
20260411,0,Saturday,PIT,NL,14,CHN,NL,14,d,CHI11,,
20260411,0,Saturday,MIN,AL,15,TOR,AL,14,d,TOR02,,
20260411,0,Saturday,ANA,AL,15,CIN,NL,15,d,CIN09,,
20260411,0,Saturday,CHA,AL,15,KCA,AL,15,d,KAN06,,
20260411,0,Saturday,ATH,AL,14,NYN,NL,15,d,NYC20,,
20260411,0,Saturday,NYA,AL,14,TBA,AL,14,n,STP01,,
20260411,0,Saturday,WAS,NL,14,MIL,NL,14,n,MIL06,,
20260411,0,Saturday,CLE,AL,15,ATL,NL,15,n,ATL03,,
20260411,0,Saturday,SFN,NL,15,BAL,AL,14,n,BAL12,,
20260411,0,Saturday,BOS,AL,14,SLN,NL,14,n,STL10,,
20260411,0,Saturday,COL,NL,15,SDN,NL,15,d,SAN02,,
20260411,0,Saturday,TEX,AL,14,LAN,NL,14,n,LOS03,,
20260411,0,Saturday,HOU,AL,15,SEA,AL,15,n,SEA03,,
20260412,0,Sunday,SFN,NL,16,BAL,AL,15,d,BAL12,,
20260412,0,Sunday,ARI,NL,16,PHI,NL,15,d,PHI13,,
20260412,0,Sunday,MIN,AL,16,TOR,AL,15,d,TOR02,,
20260412,0,Sunday,ANA,AL,16,CIN,NL,16,d,CIN09,,
20260412,0,Sunday,MIA,NL,16,DET,AL,16,d,DET05,,
20260412,0,Sunday,ATH,AL,15,NYN,NL,16,d,NYC20,,
20260412,0,Sunday,NYA,AL,15,TBA,AL,15,d,STP01,,
20260412,0,Sunday,CHA,AL,16,KCA,AL,16,d,KAN06,,
20260412,0,Sunday,WAS,NL,15,MIL,NL,15,d,MIL06,,
20260412,0,Sunday,BOS,AL,15,SLN,NL,15,d,STL10,,
20260412,0,Sunday,PIT,NL,15,CHN,NL,15,d,CHI11,,
20260412,0,Sunday,TEX,AL,15,LAN,NL,15,d,LOS03,,
20260412,0,Sunday,COL,NL,16,SDN,NL,16,d,SAN02,,
20260412,0,Sunday,HOU,AL,16,SEA,AL,16,d,SEA03,,
20260412,0,Sunday,CLE,AL,16,ATL,NL,16,n,ATL03,,
20260413,0,Monday,HOU,AL,17,SEA,AL,17,d,SEA03,,
20260413,0,Monday,ARI,NL,17,BAL,AL,16,n,BAL12,,
20260413,0,Monday,CHN,NL,16,PHI,NL,16,n,PHI13,,
20260413,0,Monday,WAS,NL,16,PIT,NL,16,n,PIT08,,
20260413,0,Monday,ANA,AL,17,NYA,AL,16,n,NYC21,,
20260413,0,Monday,MIA,NL,17,ATL,NL,17,n,ATL03,,
20260413,0,Monday,BOS,AL,16,MIN,AL,17,n,MIN04,,
20260413,0,Monday,CLE,AL,17,SLN,NL,16,n,STL10,,
20260413,0,Monday,TEX,AL,16,ATH,AL,16,n,SAC01,,
20260413,0,Monday,NYN,NL,17,LAN,NL,16,n,LOS03,,
20260414,0,Tuesday,ARI,NL,18,BAL,AL,17,n,BAL12,,
20260414,0,Tuesday,SFN,NL,17,CIN,NL,17,n,CIN09,,
20260414,0,Tuesday,KCA,AL,17,DET,AL,17,n,DET05,,
20260414,0,Tuesday,CHN,NL,17,PHI,NL,17,n,PHI13,,
20260414,0,Tuesday,WAS,NL,17,PIT,NL,17,n,PIT08,,
20260414,0,Tuesday,ANA,AL,18,NYA,AL,17,n,NYC21,,
20260414,0,Tuesday,MIA,NL,18,ATL,NL,18,n,ATL03,,
20260414,0,Tuesday,TBA,AL,16,CHA,AL,17,n,CHI12,,
20260414,0,Tuesday,TOR,AL,16,MIL,NL,16,n,MIL06,,
20260414,0,Tuesday,BOS,AL,17,MIN,AL,18,n,MIN04,,
20260414,0,Tuesday,CLE,AL,18,SLN,NL,17,n,STL10,,
20260414,0,Tuesday,COL,NL,17,HOU,AL,18,n,HOU03,,
20260414,0,Tuesday,TEX,AL,17,ATH,AL,17,n,SAC01,,
20260414,0,Tuesday,SEA,AL,18,SDN,NL,17,n,SAN02,,
20260414,0,Tuesday,NYN,NL,18,LAN,NL,17,n,LOS03,,
20260415,0,Wednesday,ARI,NL,19,BAL,AL,18,d,BAL12,,
20260415,0,Wednesday,CLE,AL,19,SLN,NL,18,d,STL10,,
20260415,0,Wednesday,BOS,AL,18,MIN,AL,19,d,MIN04,,
20260415,0,Wednesday,SFN,NL,18,CIN,NL,18,n,CIN09,,
20260415,0,Wednesday,KCA,AL,18,DET,AL,18,n,DET05,,
20260415,0,Wednesday,CHN,NL,18,PHI,NL,18,n,PHI13,,
20260415,0,Wednesday,WAS,NL,18,PIT,NL,18,n,PIT08,,
20260415,0,Wednesday,ANA,AL,19,NYA,AL,18,n,NYC21,,
20260415,0,Wednesday,MIA,NL,19,ATL,NL,19,n,ATL03,,
20260415,0,Wednesday,TBA,AL,17,CHA,AL,18,n,CHI12,,
20260415,0,Wednesday,TOR,AL,17,MIL,NL,17,n,MIL06,,
20260415,0,Wednesday,COL,NL,18,HOU,AL,19,n,HOU03,,
20260415,0,Wednesday,TEX,AL,18,ATH,AL,18,n,SAC01,,
20260415,0,Wednesday,SEA,AL,19,SDN,NL,18,n,SAN02,,
20260415,0,Wednesday,NYN,NL,19,LAN,NL,18,n,LOS03,,
20260416,0,Thursday,WAS,NL,19,PIT,NL,19,d,PIT08,,
20260416,0,Thursday,SFN,NL,19,CIN,NL,19,d,CIN09,,
20260416,0,Thursday,KCA,AL,19,DET,AL,19,d,DET05,,
20260416,0,Thursday,ANA,AL,20,NYA,AL,19,d,NYC21,,
20260416,0,Thursday,TOR,AL,18,MIL,NL,18,d,MIL06,,
20260416,0,Thursday,TBA,AL,18,CHA,AL,19,d,CHI12,,
20260416,0,Thursday,TEX,AL,19,ATH,AL,19,d,SAC01,,
20260416,0,Thursday,BAL,AL,19,CLE,AL,20,n,CLE08,,
20260416,0,Thursday,COL,NL,19,HOU,AL,20,n,HOU03,,
20260416,0,Thursday,SEA,AL,20,SDN,NL,19,d,SAN02,,
20260417,0,Friday,NYN,NL,20,CHN,NL,19,d,CHI11,,
20260417,0,Friday,BAL,AL,20,CLE,AL,21,n,CLE08,,
20260417,0,Friday,ATL,NL,20,PHI,NL,19,n,PHI13,,
20260417,0,Friday,TBA,AL,19,PIT,NL,20,n,PIT08,,
20260417,0,Friday,SFN,NL,20,WAS,NL,20,n,WAS11,,
20260417,0,Friday,KCA,AL,20,NYA,AL,20,n,NYC21,,
20260417,0,Friday,MIL,NL,19,MIA,NL,20,n,MIA02,,
20260417,0,Friday,DET,AL,20,BOS,AL,19,n,BOS07,,
20260417,0,Friday,SLN,NL,19,HOU,AL,21,n,HOU03,,
20260417,0,Friday,CIN,NL,20,MIN,AL,20,n,MIN04,,
20260417,0,Friday,LAN,NL,19,COL,NL,20,n,DEN02,,
20260417,0,Friday,SDN,NL,20,ANA,AL,21,n,ANA01,,
20260417,0,Friday,TOR,AL,19,ARI,NL,20,n,PHO01,,
20260417,0,Friday,CHA,AL,20,ATH,AL,20,n,SAC01,,
20260417,0,Friday,TEX,AL,20,SEA,AL,21,n,SEA03,,
20260418,0,Saturday,KCA,AL,21,NYA,AL,21,d,NYC21,,
20260418,0,Saturday,CIN,NL,21,MIN,AL,21,d,MIN04,,
20260418,0,Saturday,NYN,NL,21,CHN,NL,20,d,CHI11,,
20260418,0,Saturday,CHA,AL,21,ATH,AL,21,d,SAC01,,
20260418,0,Saturday,TBA,AL,20,PIT,NL,21,d,PIT08,,
20260418,0,Saturday,SFN,NL,21,WAS,NL,21,d,WAS11,,
20260418,0,Saturday,DET,AL,21,BOS,AL,20,d,BOS07,,
20260418,0,Saturday,MIL,NL,20,MIA,NL,21,d,MIA02,,
20260418,0,Saturday,BAL,AL,21,CLE,AL,22,n,CLE08,,
20260418,0,Saturday,SLN,NL,20,HOU,AL,22,n,HOU03,,
20260418,0,Saturday,ATL,NL,21,PHI,NL,20,n,PHI13,,
20260418,0,Saturday,TEX,AL,21,SEA,AL,22,d,SEA03,,
20260418,0,Saturday,TOR,AL,20,ARI,NL,21,d,PHO01,,
20260418,0,Saturday,LAN,NL,20,COL,NL,21,n,DEN02,,
20260418,0,Saturday,SDN,NL,21,ANA,AL,22,n,ANA01,,
20260419,0,Sunday,DET,AL,22,BOS,AL,21,d,BOS07,,
20260419,0,Sunday,KCA,AL,22,NYA,AL,22,d,NYC21,,
20260419,0,Sunday,TBA,AL,21,PIT,NL,22,d,PIT08,,
20260419,0,Sunday,SFN,NL,22,WAS,NL,22,d,WAS11,,
20260419,0,Sunday,BAL,AL,22,CLE,AL,23,d,CLE08,,
20260419,0,Sunday,MIL,NL,21,MIA,NL,22,d,MIA02,,
20260419,0,Sunday,SLN,NL,21,HOU,AL,23,d,HOU03,,
20260419,0,Sunday,CIN,NL,22,MIN,AL,22,d,MIN04,,
20260419,0,Sunday,NYN,NL,22,CHN,NL,21,d,CHI11,,
20260419,0,Sunday,LAN,NL,21,COL,NL,22,d,DEN02,,
20260419,0,Sunday,CHA,AL,22,ATH,AL,22,d,SAC01,,
20260419,0,Sunday,SDN,NL,22,ANA,AL,23,d,ANA01,,
20260419,0,Sunday,TOR,AL,21,ARI,NL,22,d,PHO01,,
20260419,0,Sunday,TEX,AL,22,SEA,AL,23,d,SEA03,,
20260419,0,Sunday,ATL,NL,22,PHI,NL,21,n,PHI13,,
20260420,0,Monday,DET,AL,23,BOS,AL,22,d,BOS07,,
20260420,0,Monday,HOU,AL,24,CLE,AL,24,n,CLE08,,
20260420,0,Monday,SLN,NL,22,MIA,NL,23,n,MIA02,,
20260420,0,Monday,CIN,NL,23,TBA,AL,22,n,STP01,,
20260420,0,Monday,ATL,NL,23,WAS,NL,23,n,WAS11,,
20260420,0,Monday,PHI,NL,22,CHN,NL,22,n,CHI11,,
20260420,0,Monday,BAL,AL,23,KCA,AL,23,n,KAN06,,
20260420,0,Monday,LAN,NL,22,COL,NL,23,n,DEN02,,
20260420,0,Monday,TOR,AL,22,ANA,AL,24,n,ANA01,,
20260420,0,Monday,ATH,AL,23,SEA,AL,24,n,SEA03,,
20260421,0,Tuesday,HOU,AL,25,CLE,AL,25,n,CLE08,,
20260421,0,Tuesday,MIL,NL,22,DET,AL,24,n,DET05,,
20260421,0,Tuesday,SLN,NL,23,MIA,NL,24,n,MIA02,,
20260421,0,Tuesday,CIN,NL,24,TBA,AL,23,n,STP01,,
20260421,0,Tuesday,NYA,AL,23,BOS,AL,23,n,BOS07,,
20260421,0,Tuesday,ATL,NL,24,WAS,NL,24,n,WAS11,,
20260421,0,Tuesday,MIN,AL,23,NYN,NL,23,n,NYC20,,
20260421,0,Tuesday,PHI,NL,23,CHN,NL,23,n,CHI11,,
20260421,0,Tuesday,BAL,AL,24,KCA,AL,24,n,KAN06,,
20260421,0,Tuesday,PIT,NL,23,TEX,AL,23,n,ARL03,,
20260421,0,Tuesday,SDN,NL,23,COL,NL,24,n,DEN02,,
20260421,0,Tuesday,TOR,AL,23,ANA,AL,25,n,ANA01,,
20260421,0,Tuesday,CHA,AL,23,ARI,NL,23,n,PHO01,,
20260421,0,Tuesday,ATH,AL,24,SEA,AL,25,n,SEA03,,
20260421,0,Tuesday,LAN,NL,23,SFN,NL,23,n,SFO03,,
20260422,0,Wednesday,SLN,NL,24,MIA,NL,25,d,MIA02,,
20260422,0,Wednesday,HOU,AL,26,CLE,AL,26,d,CLE08,,
20260422,0,Wednesday,CIN,NL,25,TBA,AL,24,d,STP01,,
20260422,0,Wednesday,BAL,AL,25,KCA,AL,25,d,KAN06,,
20260422,0,Wednesday,TOR,AL,24,ANA,AL,26,d,ANA01,,
20260422,0,Wednesday,ATH,AL,25,SEA,AL,26,d,SEA03,,
20260422,0,Wednesday,MIL,NL,23,DET,AL,25,n,DET05,,
20260422,0,Wednesday,NYA,AL,24,BOS,AL,24,n,BOS07,,
20260422,0,Wednesday,ATL,NL,25,WAS,NL,25,n,WAS11,,
20260422,0,Wednesday,MIN,AL,24,NYN,NL,24,n,NYC20,,
20260422,0,Wednesday,PHI,NL,24,CHN,NL,24,n,CHI11,,
20260422,0,Wednesday,PIT,NL,24,TEX,AL,24,n,ARL03,,
20260422,0,Wednesday,SDN,NL,24,COL,NL,25,n,DEN02,,
20260422,0,Wednesday,CHA,AL,24,ARI,NL,24,n,PHO01,,
20260422,0,Wednesday,LAN,NL,24,SFN,NL,24,n,SFO03,,
20260423,0,Thursday,ATL,NL,26,WAS,NL,26,d,WAS11,,
20260423,0,Thursday,MIL,NL,24,DET,AL,26,d,DET05,,
20260423,0,Thursday,PHI,NL,25,CHN,NL,25,d,CHI11,,
20260423,0,Thursday,SDN,NL,25,COL,NL,26,d,DEN02,,
20260423,0,Thursday,CHA,AL,25,ARI,NL,25,d,PHO01,,
20260423,0,Thursday,LAN,NL,25,SFN,NL,25,d,SFO03,,
20260423,0,Thursday,NYA,AL,25,BOS,AL,25,n,BOS07,,
20260423,0,Thursday,MIN,AL,25,NYN,NL,25,n,NYC20,,
20260423,0,Thursday,PIT,NL,25,TEX,AL,25,n,ARL03,,
20260424,0,Friday,DET,AL,27,CIN,NL,26,n,CIN09,,
20260424,0,Friday,BOS,AL,26,BAL,AL,26,n,BAL12,,
20260424,0,Friday,CLE,AL,27,TOR,AL,25,n,TOR02,,
20260424,0,Friday,COL,NL,27,NYN,NL,26,n,NYC20,,
20260424,0,Friday,MIN,AL,26,TBA,AL,25,n,STP01,,
20260424,0,Friday,PHI,NL,26,ATL,NL,27,n,ATL03,,
20260424,0,Friday,WAS,NL,27,CHA,AL,26,n,CHI12,,
20260424,0,Friday,ANA,AL,27,KCA,AL,26,n,KAN06,,
20260424,0,Friday,PIT,NL,26,MIL,NL,25,n,MIL06,,
20260424,0,Friday,ATH,AL,26,TEX,AL,26,n,ARL03,,
20260424,0,Friday,NYA,AL,26,HOU,AL,27,n,HOU03,,
20260424,0,Friday,SEA,AL,27,SLN,NL,25,n,STL10,,
20260424,0,Friday,CHN,NL,26,LAN,NL,26,n,LOS03,,
20260424,0,Friday,MIA,NL,26,SFN,NL,26,n,SFO03,,
20260425,0,Saturday,SEA,AL,28,SLN,NL,26,d,STL10,,
20260425,0,Saturday,CLE,AL,28,TOR,AL,26,d,TOR02,,
20260425,0,Saturday,BOS,AL,27,BAL,AL,27,d,BAL12,,
20260425,0,Saturday,MIA,NL,27,SFN,NL,27,d,SFO03,,
20260425,0,Saturday,WAS,NL,28,CHA,AL,27,d,CHI12,,
20260425,0,Saturday,COL,NL,28,NYN,NL,27,d,NYC20,,
20260425,0,Saturday,MIN,AL,27,TBA,AL,26,d,STP01,,
20260425,0,Saturday,SDN,NL,26,ARI,NL,26,d,MEX02,,
20260425,0,Saturday,ATH,AL,27,TEX,AL,27,n,ARL03,,
20260425,0,Saturday,NYA,AL,27,HOU,AL,28,n,HOU03,,
20260425,0,Saturday,ANA,AL,28,KCA,AL,27,n,KAN06,,
20260425,0,Saturday,PIT,NL,27,MIL,NL,26,n,MIL06,,
20260425,0,Saturday,PHI,NL,27,ATL,NL,28,n,ATL03,,
20260425,0,Saturday,DET,AL,28,CIN,NL,27,n,CIN09,,
20260425,0,Saturday,CHN,NL,27,LAN,NL,27,d,LOS03,,
20260426,0,Sunday,PHI,NL,28,ATL,NL,29,d,ATL03,,
20260426,0,Sunday,BOS,AL,28,BAL,AL,28,d,BAL12,,
20260426,0,Sunday,CLE,AL,29,TOR,AL,27,d,TOR02,,
20260426,0,Sunday,DET,AL,29,CIN,NL,28,d,CIN09,,
20260426,0,Sunday,COL,NL,29,NYN,NL,28,d,NYC20,,
20260426,0,Sunday,MIN,AL,28,TBA,AL,27,d,STP01,,
20260426,0,Sunday,WAS,NL,29,CHA,AL,28,d,CHI12,,
20260426,0,Sunday,NYA,AL,28,HOU,AL,29,d,HOU03,,
20260426,0,Sunday,PIT,NL,28,MIL,NL,27,d,MIL06,,
20260426,0,Sunday,SEA,AL,29,SLN,NL,27,d,STL10,,
20260426,0,Sunday,ATH,AL,28,TEX,AL,28,d,ARL03,,
20260426,0,Sunday,SDN,NL,27,ARI,NL,27,d,MEX02,,
20260426,0,Sunday,MIA,NL,28,SFN,NL,28,d,SFO03,,
20260426,0,Sunday,CHN,NL,28,LAN,NL,28,d,LOS03,,
20260426,0,Sunday,ANA,AL,29,KCA,AL,28,n,KAN06,,
20260427,0,Monday,TBA,AL,28,CLE,AL,30,n,CLE08,,
20260427,0,Monday,SLN,NL,28,PIT,NL,29,n,PIT08,,
20260427,0,Monday,BOS,AL,29,TOR,AL,28,n,TOR02,,
20260427,0,Monday,ANA,AL,30,CHA,AL,29,n,CHI12,,
20260427,0,Monday,SEA,AL,30,MIN,AL,29,n,MIN04,,
20260427,0,Monday,NYA,AL,29,TEX,AL,29,n,ARL03,,
20260427,0,Monday,CHN,NL,29,SDN,NL,28,n,SAN02,,
20260427,0,Monday,MIA,NL,29,LAN,NL,29,n,LOS03,,
20260428,0,Tuesday,TBA,AL,29,CLE,AL,31,n,CLE08,,
20260428,0,Tuesday,HOU,AL,30,BAL,AL,29,n,BAL12,,
20260428,0,Tuesday,COL,NL,30,CIN,NL,29,n,CIN09,,
20260428,0,Tuesday,SFN,NL,29,PHI,NL,29,n,PHI13,,
20260428,0,Tuesday,SLN,NL,29,PIT,NL,30,n,PIT08,,
20260428,0,Tuesday,BOS,AL,30,TOR,AL,29,n,TOR02,,
20260428,0,Tuesday,WAS,NL,30,NYN,NL,29,n,NYC20,,
20260428,0,Tuesday,DET,AL,30,ATL,NL,30,n,ATL03,,
20260428,0,Tuesday,ANA,AL,31,CHA,AL,30,n,CHI12,,
20260428,0,Tuesday,ARI,NL,28,MIL,NL,28,n,MIL06,,
20260428,0,Tuesday,SEA,AL,31,MIN,AL,30,n,MIN04,,
20260428,0,Tuesday,NYA,AL,30,TEX,AL,30,n,ARL03,,
20260428,0,Tuesday,KCA,AL,29,ATH,AL,29,n,SAC01,,
20260428,0,Tuesday,CHN,NL,30,SDN,NL,29,n,SAN02,,
20260428,0,Tuesday,MIA,NL,30,LAN,NL,30,n,LOS03,,
20260429,0,Wednesday,ANA,AL,32,CHA,AL,31,d,CHI12,,
20260429,0,Wednesday,TBA,AL,30,CLE,AL,32,d,CLE08,,
20260429,0,Wednesday,SEA,AL,32,MIN,AL,31,d,MIN04,,
20260429,0,Wednesday,NYA,AL,31,TEX,AL,31,d,ARL03,,
20260429,0,Wednesday,BOS,AL,31,TOR,AL,30,d,TOR02,,
20260429,0,Wednesday,MIA,NL,31,LAN,NL,31,d,LOS03,,
20260429,0,Wednesday,CHN,NL,31,SDN,NL,30,d,SAN02,,
20260429,0,Wednesday,HOU,AL,31,BAL,AL,30,n,BAL12,,
20260429,0,Wednesday,COL,NL,31,CIN,NL,30,n,CIN09,,
20260429,0,Wednesday,SFN,NL,30,PHI,NL,30,n,PHI13,,
20260429,0,Wednesday,SLN,NL,30,PIT,NL,31,n,PIT08,,
20260429,0,Wednesday,WAS,NL,31,NYN,NL,30,n,NYC20,,
20260429,0,Wednesday,DET,AL,31,ATL,NL,31,n,ATL03,,
20260429,0,Wednesday,ARI,NL,29,MIL,NL,29,n,MIL06,,
20260429,0,Wednesday,KCA,AL,30,ATH,AL,30,n,SAC01,,
20260430,0,Thursday,DET,AL,32,ATL,NL,32,d,ATL03,,
20260430,0,Thursday,HOU,AL,32,BAL,AL,31,d,BAL12,,
20260430,0,Thursday,SLN,NL,31,PIT,NL,32,d,PIT08,,
20260430,0,Thursday,COL,NL,32,CIN,NL,31,d,CIN09,,
20260430,0,Thursday,SFN,NL,31,PHI,NL,31,d,PHI13,,
20260430,0,Thursday,WAS,NL,32,NYN,NL,31,d,NYC20,,
20260430,0,Thursday,ARI,NL,30,MIL,NL,30,d,MIL06,,
20260430,0,Thursday,KCA,AL,31,ATH,AL,31,d,SAC01,,
20260430,0,Thursday,TOR,AL,31,MIN,AL,32,n,MIN04,,
20260501,0,Friday,ARI,NL,31,CHN,NL,32,d,CHI11,,
20260501,0,Friday,TEX,AL,32,DET,AL,33,n,DET05,,
20260501,0,Friday,CIN,NL,32,PIT,NL,33,n,PIT08,,
20260501,0,Friday,MIL,NL,31,WAS,NL,33,n,WAS11,,
20260501,0,Friday,BAL,AL,32,NYA,AL,32,n,NYC21,,
20260501,0,Friday,HOU,AL,33,BOS,AL,32,n,BOS07,,
20260501,0,Friday,PHI,NL,32,MIA,NL,32,n,MIA02,,
20260501,0,Friday,SFN,NL,32,TBA,AL,31,n,STP01,,
20260501,0,Friday,TOR,AL,32,MIN,AL,33,n,MIN04,,
20260501,0,Friday,LAN,NL,32,SLN,NL,32,n,STL10,,
20260501,0,Friday,ATL,NL,33,COL,NL,33,n,DEN02,,
20260501,0,Friday,NYN,NL,32,ANA,AL,33,n,ANA01,,
20260501,0,Friday,CLE,AL,33,ATH,AL,32,n,SAC01,,
20260501,0,Friday,CHA,AL,32,SDN,NL,31,n,SAN02,,
20260501,0,Friday,KCA,AL,32,SEA,AL,33,n,SEA03,,
20260502,0,Saturday,BAL,AL,33,NYA,AL,33,d,NYC21,,
20260502,0,Saturday,TOR,AL,33,MIN,AL,34,d,MIN04,,
20260502,0,Saturday,ARI,NL,32,CHN,NL,33,d,CHI11,,
20260502,0,Saturday,CLE,AL,34,ATH,AL,33,d,SAC01,,
20260502,0,Saturday,CIN,NL,33,PIT,NL,34,d,PIT08,,
20260502,0,Saturday,MIL,NL,32,WAS,NL,34,d,WAS11,,
20260502,0,Saturday,HOU,AL,34,BOS,AL,33,d,BOS07,,
20260502,0,Saturday,PHI,NL,33,MIA,NL,33,d,MIA02,,
20260502,0,Saturday,SFN,NL,33,TBA,AL,32,n,STP01,,
20260502,0,Saturday,TEX,AL,33,DET,AL,34,n,DET05,,
20260502,0,Saturday,LAN,NL,33,SLN,NL,33,n,STL10,,
20260502,0,Saturday,ATL,NL,34,COL,NL,34,n,DEN02,,
20260502,0,Saturday,CHA,AL,33,SDN,NL,32,d,SAN02,,
20260502,0,Saturday,NYN,NL,33,ANA,AL,34,n,ANA01,,
20260502,0,Saturday,KCA,AL,33,SEA,AL,34,n,SEA03,,
20260503,0,Sunday,TOR,AL,34,MIN,AL,35,d,MIN04,,
20260503,0,Sunday,HOU,AL,35,BOS,AL,34,d,BOS07,,
20260503,0,Sunday,BAL,AL,34,NYA,AL,34,d,NYC21,,
20260503,0,Sunday,CIN,NL,34,PIT,NL,35,d,PIT08,,
20260503,0,Sunday,MIL,NL,33,WAS,NL,35,d,WAS11,,
20260503,0,Sunday,PHI,NL,34,MIA,NL,34,d,MIA02,,
20260503,0,Sunday,SFN,NL,34,TBA,AL,33,d,STP01,,
20260503,0,Sunday,LAN,NL,34,SLN,NL,34,d,STL10,,
20260503,0,Sunday,ARI,NL,33,CHN,NL,34,d,CHI11,,
20260503,0,Sunday,ATL,NL,35,COL,NL,35,d,DEN02,,
20260503,0,Sunday,CLE,AL,35,ATH,AL,34,d,SAC01,,
20260503,0,Sunday,NYN,NL,34,ANA,AL,35,d,ANA01,,
20260503,0,Sunday,CHA,AL,34,SDN,NL,33,d,SAN02,,
20260503,0,Sunday,KCA,AL,34,SEA,AL,35,d,SEA03,,
20260503,0,Sunday,TEX,AL,34,DET,AL,35,n,DET05,,
20260504,0,Monday,BOS,AL,35,DET,AL,36,n,DET05,,
20260504,0,Monday,PHI,NL,35,MIA,NL,35,n,MIA02,,
20260504,0,Monday,TOR,AL,35,TBA,AL,34,n,STP01,,
20260504,0,Monday,BAL,AL,35,NYA,AL,35,n,NYC21,,
20260504,0,Monday,CIN,NL,35,CHN,NL,35,n,CHI11,,
20260504,0,Monday,CLE,AL,36,KCA,AL,35,n,KAN06,,
20260504,0,Monday,MIL,NL,34,SLN,NL,35,n,STL10,,
20260504,0,Monday,LAN,NL,35,HOU,AL,36,n,HOU03,,
20260504,0,Monday,NYN,NL,35,COL,NL,36,n,DEN02,,
20260504,0,Monday,CHA,AL,35,ANA,AL,36,n,ANA01,,
20260504,0,Monday,ATL,NL,36,SEA,AL,36,n,SEA03,,
20260504,0,Monday,SDN,NL,34,SFN,NL,35,n,SFO03,,
20260505,0,Tuesday,BOS,AL,36,DET,AL,37,n,DET05,,
20260505,0,Tuesday,BAL,AL,36,MIA,NL,36,n,MIA02,,
20260505,0,Tuesday,ATH,AL,35,PHI,NL,36,n,PHI13,,
20260505,0,Tuesday,TOR,AL,36,TBA,AL,35,n,STP01,,
20260505,0,Tuesday,MIN,AL,36,WAS,NL,36,n,WAS11,,
20260505,0,Tuesday,TEX,AL,35,NYA,AL,36,n,NYC21,,
20260505,0,Tuesday,CIN,NL,36,CHN,NL,36,n,CHI11,,
20260505,0,Tuesday,CLE,AL,37,KCA,AL,36,n,KAN06,,
20260505,0,Tuesday,MIL,NL,35,SLN,NL,36,n,STL10,,
20260505,0,Tuesday,LAN,NL,36,HOU,AL,37,n,HOU03,,
20260505,0,Tuesday,NYN,NL,36,COL,NL,37,n,DEN02,,
20260505,0,Tuesday,CHA,AL,36,ANA,AL,37,n,ANA01,,
20260505,0,Tuesday,PIT,NL,36,ARI,NL,34,n,PHO01,,
20260505,0,Tuesday,ATL,NL,37,SEA,AL,37,n,SEA03,,
20260505,0,Tuesday,SDN,NL,35,SFN,NL,36,n,SFO03,,
20260506,0,Wednesday,TOR,AL,37,TBA,AL,36,d,STP01,,
20260506,0,Wednesday,MIL,NL,36,SLN,NL,37,d,STL10,,
20260506,0,Wednesday,LAN,NL,37,HOU,AL,38,d,HOU03,,
20260506,0,Wednesday,NYN,NL,37,COL,NL,38,d,DEN02,,
20260506,0,Wednesday,SDN,NL,36,SFN,NL,37,d,SFO03,,
20260506,0,Wednesday,CHA,AL,37,ANA,AL,38,d,ANA01,,
20260506,0,Wednesday,ATL,NL,38,SEA,AL,38,d,SEA03,,
20260506,0,Wednesday,BOS,AL,37,DET,AL,38,n,DET05,,
20260506,0,Wednesday,BAL,AL,37,MIA,NL,37,n,MIA02,,
20260506,0,Wednesday,ATH,AL,36,PHI,NL,37,n,PHI13,,
20260506,0,Wednesday,MIN,AL,37,WAS,NL,37,n,WAS11,,
20260506,0,Wednesday,TEX,AL,36,NYA,AL,37,n,NYC21,,
20260506,0,Wednesday,CIN,NL,37,CHN,NL,37,n,CHI11,,
20260506,0,Wednesday,CLE,AL,38,KCA,AL,37,n,KAN06,,
20260506,0,Wednesday,PIT,NL,37,ARI,NL,35,n,PHO01,,
20260507,0,Thursday,TEX,AL,37,NYA,AL,38,d,NYC21,,
20260507,0,Thursday,MIN,AL,38,WAS,NL,38,d,WAS11,,
20260507,0,Thursday,CLE,AL,39,KCA,AL,38,d,KAN06,,
20260507,0,Thursday,CIN,NL,38,CHN,NL,38,d,CHI11,,
20260507,0,Thursday,PIT,NL,38,ARI,NL,36,d,PHO01,,
20260507,0,Thursday,BAL,AL,38,MIA,NL,38,n,MIA02,,
20260507,0,Thursday,ATH,AL,37,PHI,NL,38,n,PHI13,,
20260507,0,Thursday,TBA,AL,37,BOS,AL,38,n,BOS07,,
20260507,0,Thursday,SLN,NL,38,SDN,NL,37,n,SAN02,,
20260508,0,Friday,HOU,AL,39,CIN,NL,39,n,CIN09,,
20260508,0,Friday,COL,NL,39,PHI,NL,39,n,PHI13,,
20260508,0,Friday,ATH,AL,38,BAL,AL,39,n,BAL12,,
20260508,0,Friday,ANA,AL,39,TOR,AL,38,n,TOR02,,
20260508,0,Friday,TBA,AL,38,BOS,AL,39,n,BOS07,,
20260508,0,Friday,WAS,NL,39,MIA,NL,39,n,MIA02,,
20260508,0,Friday,MIN,AL,39,CLE,AL,40,n,CLE08,,
20260508,0,Friday,SEA,AL,39,CHA,AL,38,n,CHI12,,
20260508,0,Friday,DET,AL,39,KCA,AL,39,n,KAN06,,
20260508,0,Friday,NYA,AL,39,MIL,NL,37,n,MIL06,,
20260508,0,Friday,CHN,NL,39,TEX,AL,38,n,ARL03,,
20260508,0,Friday,NYN,NL,38,ARI,NL,37,n,PHO01,,
20260508,0,Friday,SLN,NL,39,SDN,NL,38,n,SAN02,,
20260508,0,Friday,ATL,NL,39,LAN,NL,38,n,LOS03,,
20260508,0,Friday,PIT,NL,39,SFN,NL,38,n,SFO03,,
20260509,0,Saturday,ANA,AL,40,TOR,AL,39,d,TOR02,,
20260509,0,Saturday,ATH,AL,39,BAL,AL,40,d,BAL12,,
20260509,0,Saturday,TBA,AL,39,BOS,AL,40,d,BOS07,,
20260509,0,Saturday,HOU,AL,40,CIN,NL,40,d,CIN09,,
20260509,0,Saturday,WAS,NL,40,MIA,NL,40,d,MIA02,,
20260509,0,Saturday,COL,NL,40,PHI,NL,40,n,PHI13,,
20260509,0,Saturday,MIN,AL,40,CLE,AL,41,n,CLE08,,
20260509,0,Saturday,CHN,NL,40,TEX,AL,39,n,ARL03,,
20260509,0,Saturday,SEA,AL,40,CHA,AL,39,n,CHI12,,
20260509,0,Saturday,DET,AL,40,KCA,AL,40,n,KAN06,,
20260509,0,Saturday,NYA,AL,40,MIL,NL,38,n,MIL06,,
20260509,0,Saturday,NYN,NL,39,ARI,NL,38,d,PHO01,,
20260509,0,Saturday,SLN,NL,40,SDN,NL,39,d,SAN02,,
20260509,0,Saturday,PIT,NL,40,SFN,NL,39,n,SFO03,,
20260509,0,Saturday,ATL,NL,40,LAN,NL,39,n,LOS03,,
20260510,0,Sunday,WAS,NL,41,MIA,NL,41,d,MIA02,,
20260510,0,Sunday,ATH,AL,40,BAL,AL,41,d,BAL12,,
20260510,0,Sunday,TBA,AL,40,BOS,AL,41,d,BOS07,,
20260510,0,Sunday,COL,NL,41,PHI,NL,41,d,PHI13,,
20260510,0,Sunday,ANA,AL,41,TOR,AL,40,d,TOR02,,
20260510,0,Sunday,HOU,AL,41,CIN,NL,41,d,CIN09,,
20260510,0,Sunday,MIN,AL,41,CLE,AL,42,d,CLE08,,
20260510,0,Sunday,SEA,AL,41,CHA,AL,40,d,CHI12,,
20260510,0,Sunday,NYA,AL,41,MIL,NL,39,d,MIL06,,
20260510,0,Sunday,CHN,NL,41,TEX,AL,40,d,ARL03,,
20260510,0,Sunday,PIT,NL,41,SFN,NL,40,d,SFO03,,
20260510,0,Sunday,NYN,NL,40,ARI,NL,39,d,PHO01,,
20260510,0,Sunday,ATL,NL,41,LAN,NL,40,d,LOS03,,
20260510,0,Sunday,SLN,NL,41,SDN,NL,40,d,SAN02,,
20260510,0,Sunday,DET,AL,41,KCA,AL,41,n,KAN06,,
20260511,0,Monday,ANA,AL,42,CLE,AL,43,n,CLE08,,
20260511,0,Monday,NYA,AL,42,BAL,AL,42,n,BAL12,,
20260511,0,Monday,TBA,AL,41,TOR,AL,41,n,TOR02,,
20260511,0,Monday,ARI,NL,40,TEX,AL,41,n,ARL03,,
20260511,0,Monday,SEA,AL,42,HOU,AL,42,n,HOU03,,
20260511,0,Monday,SFN,NL,41,LAN,NL,41,n,LOS03,,
20260512,0,Tuesday,ANA,AL,43,CLE,AL,44,n,CLE08,,
20260512,0,Tuesday,NYA,AL,43,BAL,AL,43,n,BAL12,,
20260512,0,Tuesday,WAS,NL,42,CIN,NL,42,n,CIN09,,
20260512,0,Tuesday,COL,NL,42,PIT,NL,42,n,PIT08,,
20260512,0,Tuesday,PHI,NL,42,BOS,AL,42,n,BOS07,,
20260512,0,Tuesday,TBA,AL,42,TOR,AL,42,n,TOR02,,
20260512,0,Tuesday,DET,AL,42,NYN,NL,41,n,NYC20,,
20260512,0,Tuesday,CHN,NL,42,ATL,NL,42,n,ATL03,,
20260512,0,Tuesday,KCA,AL,42,CHA,AL,41,n,CHI12,,
20260512,0,Tuesday,SDN,NL,41,MIL,NL,40,n,MIL06,,
20260512,0,Tuesday,MIA,NL,42,MIN,AL,42,n,MIN04,,
20260512,0,Tuesday,ARI,NL,41,TEX,AL,42,n,ARL03,,
20260512,0,Tuesday,SEA,AL,43,HOU,AL,43,n,HOU03,,
20260512,0,Tuesday,SLN,NL,42,ATH,AL,41,n,SAC01,,
20260512,0,Tuesday,SFN,NL,42,LAN,NL,42,n,LOS03,,
20260513,0,Wednesday,ANA,AL,44,CLE,AL,45,d,CLE08,,
20260513,0,Wednesday,NYA,AL,44,BAL,AL,44,n,BAL12,,
20260513,0,Wednesday,WAS,NL,43,CIN,NL,43,n,CIN09,,
20260513,0,Wednesday,COL,NL,43,PIT,NL,43,n,PIT08,,
20260513,0,Wednesday,PHI,NL,43,BOS,AL,43,n,BOS07,,
20260513,0,Wednesday,TBA,AL,43,TOR,AL,43,n,TOR02,,
20260513,0,Wednesday,DET,AL,43,NYN,NL,42,n,NYC20,,
20260513,0,Wednesday,CHN,NL,43,ATL,NL,43,n,ATL03,,
20260513,0,Wednesday,KCA,AL,43,CHA,AL,42,n,CHI12,,
20260513,0,Wednesday,SDN,NL,42,MIL,NL,41,n,MIL06,,
20260513,0,Wednesday,MIA,NL,43,MIN,AL,43,n,MIN04,,
20260513,0,Wednesday,ARI,NL,42,TEX,AL,43,n,ARL03,,
20260513,0,Wednesday,SEA,AL,44,HOU,AL,44,n,HOU03,,
20260513,0,Wednesday,SLN,NL,43,ATH,AL,42,n,SAC01,,
20260513,0,Wednesday,SFN,NL,43,LAN,NL,43,n,LOS03,,
20260514,0,Thursday,COL,NL,44,PIT,NL,44,d,PIT08,,
20260514,0,Thursday,WAS,NL,44,CIN,NL,44,d,CIN09,,
20260514,0,Thursday,DET,AL,44,NYN,NL,43,d,NYC20,,
20260514,0,Thursday,SDN,NL,43,MIL,NL,42,d,MIL06,,
20260514,0,Thursday,MIA,NL,44,MIN,AL,44,d,MIN04,,
20260514,0,Thursday,SEA,AL,45,HOU,AL,45,d,HOU03,,
20260514,0,Thursday,SLN,NL,44,ATH,AL,43,d,SAC01,,
20260514,0,Thursday,PHI,NL,44,BOS,AL,44,n,BOS07,,
20260514,0,Thursday,CHN,NL,44,ATL,NL,44,n,ATL03,,
20260514,0,Thursday,KCA,AL,44,CHA,AL,43,n,CHI12,,
20260514,0,Thursday,SFN,NL,44,LAN,NL,44,n,LOS03,,
20260515,0,Friday,PHI,NL,45,PIT,NL,45,n,PIT08,,
20260515,0,Friday,TOR,AL,44,DET,AL,45,n,DET05,,
20260515,0,Friday,BAL,AL,45,WAS,NL,45,n,WAS11,,
20260515,0,Friday,CIN,NL,45,CLE,AL,46,n,CLE08,,
20260515,0,Friday,MIA,NL,45,TBA,AL,44,n,STP01,,
20260515,0,Friday,BOS,AL,45,ATL,NL,45,n,ATL03,,
20260515,0,Friday,NYA,AL,45,NYN,NL,44,n,NYC20,,
20260515,0,Friday,CHN,NL,45,CHA,AL,44,n,CHI12,,
20260515,0,Friday,TEX,AL,44,HOU,AL,46,n,HOU03,,
20260515,0,Friday,MIL,NL,43,MIN,AL,45,n,MIN04,,
20260515,0,Friday,KCA,AL,45,SLN,NL,45,n,STL10,,
20260515,0,Friday,ARI,NL,43,COL,NL,45,n,DEN02,,
20260515,0,Friday,LAN,NL,45,ANA,AL,45,n,ANA01,,
20260515,0,Friday,SFN,NL,45,ATH,AL,44,n,SAC01,,
20260515,0,Friday,SDN,NL,44,SEA,AL,46,n,SEA03,,
20260516,0,Saturday,TOR,AL,45,DET,AL,46,d,DET05,,
20260516,0,Saturday,KCA,AL,46,SLN,NL,46,d,STL10,,
20260516,0,Saturday,ARI,NL,44,COL,NL,46,d,DEN02,,
20260516,0,Saturday,PHI,NL,46,PIT,NL,46,d,PIT08,,
20260516,0,Saturday,BAL,AL,46,WAS,NL,46,d,WAS11,,
20260516,0,Saturday,MIA,NL,46,TBA,AL,45,d,STP01,,
20260516,0,Saturday,CIN,NL,46,CLE,AL,47,n,CLE08,,
20260516,0,Saturday,CHN,NL,46,CHA,AL,45,n,CHI12,,
20260516,0,Saturday,TEX,AL,45,HOU,AL,47,n,HOU03,,
20260516,0,Saturday,MIL,NL,44,MIN,AL,46,n,MIN04,,
20260516,0,Saturday,BOS,AL,46,ATL,NL,46,n,ATL03,,
20260516,0,Saturday,NYA,AL,46,NYN,NL,45,n,NYC20,,
20260516,0,Saturday,SDN,NL,45,SEA,AL,47,d,SEA03,,
20260516,0,Saturday,LAN,NL,46,ANA,AL,46,n,ANA01,,
20260516,0,Saturday,SFN,NL,46,ATH,AL,45,n,SAC01,,
20260517,0,Sunday,MIA,NL,47,TBA,AL,46,d,STP01,,
20260517,0,Sunday,BOS,AL,47,ATL,NL,47,d,ATL03,,
20260517,0,Sunday,PHI,NL,47,PIT,NL,47,d,PIT08,,
20260517,0,Sunday,BAL,AL,47,WAS,NL,47,d,WAS11,,
20260517,0,Sunday,CIN,NL,47,CLE,AL,48,d,CLE08,,
20260517,0,Sunday,TOR,AL,46,DET,AL,47,d,DET05,,
20260517,0,Sunday,NYA,AL,47,NYN,NL,46,d,NYC20,,
20260517,0,Sunday,CHN,NL,47,CHA,AL,46,d,CHI12,,
20260517,0,Sunday,TEX,AL,46,HOU,AL,48,d,HOU03,,
20260517,0,Sunday,MIL,NL,45,MIN,AL,47,d,MIN04,,
20260517,0,Sunday,KCA,AL,47,SLN,NL,47,d,STL10,,
20260517,0,Sunday,ARI,NL,45,COL,NL,47,d,DEN02,,
20260517,0,Sunday,SFN,NL,47,ATH,AL,46,d,SAC01,,
20260517,0,Sunday,LAN,NL,47,ANA,AL,47,d,ANA01,,
20260517,0,Sunday,SDN,NL,46,SEA,AL,48,d,SEA03,,
20260518,0,Monday,CLE,AL,49,DET,AL,48,n,DET05,,
20260518,0,Monday,ATL,NL,48,MIA,NL,48,n,MIA02,,
20260518,0,Monday,CIN,NL,48,PHI,NL,48,n,PHI13,,
20260518,0,Monday,BAL,AL,48,TBA,AL,47,n,STP01,,
20260518,0,Monday,NYN,NL,47,WAS,NL,48,n,WAS11,,
20260518,0,Monday,TOR,AL,47,NYA,AL,48,n,NYC21,,
20260518,0,Monday,MIL,NL,46,CHN,NL,48,n,CHI11,,
20260518,0,Monday,BOS,AL,48,KCA,AL,48,n,KAN06,,
20260518,0,Monday,HOU,AL,49,MIN,AL,48,n,MIN04,,
20260518,0,Monday,TEX,AL,47,COL,NL,48,n,DEN02,,
20260518,0,Monday,ATH,AL,47,ANA,AL,48,n,ANA01,,
20260518,0,Monday,SFN,NL,48,ARI,NL,46,n,PHO01,,
20260518,0,Monday,LAN,NL,48,SDN,NL,47,n,SAN02,,
20260518,0,Monday,CHA,AL,47,SEA,AL,49,n,SEA03,,
20260519,0,Tuesday,ATL,NL,49,MIA,NL,49,d,MIA02,,
20260519,0,Tuesday,CLE,AL,50,DET,AL,49,n,DET05,,
20260519,0,Tuesday,CIN,NL,49,PHI,NL,49,n,PHI13,,
20260519,0,Tuesday,BAL,AL,49,TBA,AL,48,n,STP01,,
20260519,0,Tuesday,NYN,NL,48,WAS,NL,49,n,WAS11,,
20260519,0,Tuesday,TOR,AL,48,NYA,AL,49,n,NYC21,,
20260519,0,Tuesday,MIL,NL,47,CHN,NL,49,n,CHI11,,
20260519,0,Tuesday,BOS,AL,49,KCA,AL,49,n,KAN06,,
20260519,0,Tuesday,HOU,AL,50,MIN,AL,49,n,MIN04,,
20260519,0,Tuesday,PIT,NL,48,SLN,NL,48,n,STL10,,
20260519,0,Tuesday,TEX,AL,48,COL,NL,49,n,DEN02,,
20260519,0,Tuesday,ATH,AL,48,ANA,AL,49,n,ANA01,,
20260519,0,Tuesday,SFN,NL,49,ARI,NL,47,n,PHO01,,
20260519,0,Tuesday,LAN,NL,49,SDN,NL,48,n,SAN02,,
20260519,0,Tuesday,CHA,AL,48,SEA,AL,50,n,SEA03,,
20260520,0,Wednesday,CIN,NL,50,PHI,NL,50,d,PHI13,,
20260520,0,Wednesday,BAL,AL,50,TBA,AL,49,d,STP01,,
20260520,0,Wednesday,HOU,AL,51,MIN,AL,50,d,MIN04,,
20260520,0,Wednesday,TEX,AL,49,COL,NL,50,d,DEN02,,
20260520,0,Wednesday,SFN,NL,50,ARI,NL,48,d,PHO01,,
20260520,0,Wednesday,CHA,AL,49,SEA,AL,51,d,SEA03,,
20260520,0,Wednesday,CLE,AL,51,DET,AL,50,n,DET05,,
20260520,0,Wednesday,ATL,NL,50,MIA,NL,50,n,MIA02,,
20260520,0,Wednesday,NYN,NL,49,WAS,NL,50,n,WAS11,,
20260520,0,Wednesday,TOR,AL,49,NYA,AL,50,n,NYC21,,
20260520,0,Wednesday,MIL,NL,48,CHN,NL,50,n,CHI11,,
20260520,0,Wednesday,BOS,AL,50,KCA,AL,50,n,KAN06,,
20260520,0,Wednesday,PIT,NL,49,SLN,NL,49,n,STL10,,
20260520,0,Wednesday,LAN,NL,50,SDN,NL,49,d,SAN02,,
20260520,0,Wednesday,ATH,AL,49,ANA,AL,50,n,ANA01,,
20260521,0,Thursday,CLE,AL,52,DET,AL,51,d,DET05,,
20260521,0,Thursday,PIT,NL,50,SLN,NL,50,d,STL10,,
20260521,0,Thursday,NYN,NL,50,WAS,NL,51,d,WAS11,,
20260521,0,Thursday,ATL,NL,51,MIA,NL,51,n,MIA02,,
20260521,0,Thursday,TOR,AL,50,NYA,AL,51,n,NYC21,,
20260521,0,Thursday,ATH,AL,50,ANA,AL,51,n,ANA01,,
20260521,0,Thursday,COL,NL,51,ARI,NL,49,n,PHO01,,
20260522,0,Friday,HOU,AL,52,CHN,NL,51,d,CHI11,,
20260522,0,Friday,SLN,NL,51,CIN,NL,51,n,CIN09,,
20260522,0,Friday,CLE,AL,53,PHI,NL,51,n,PHI13,,
20260522,0,Friday,TBA,AL,50,NYA,AL,52,n,NYC21,,
20260522,0,Friday,PIT,NL,51,TOR,AL,51,n,TOR02,,
20260522,0,Friday,MIN,AL,51,BOS,AL,51,n,BOS07,,
20260522,0,Friday,NYN,NL,51,MIA,NL,52,n,MIA02,,
20260522,0,Friday,WAS,NL,52,ATL,NL,52,n,ATL03,,
20260522,0,Friday,DET,AL,52,BAL,AL,51,n,BAL12,,
20260522,0,Friday,SEA,AL,52,KCA,AL,51,n,KAN06,,
20260522,0,Friday,LAN,NL,51,MIL,NL,49,n,MIL06,,
20260522,0,Friday,TEX,AL,50,ANA,AL,52,n,ANA01,,
20260522,0,Friday,COL,NL,52,ARI,NL,50,n,PHO01,,
20260522,0,Friday,ATH,AL,51,SDN,NL,50,n,SAN02,,
20260522,0,Friday,CHA,AL,50,SFN,NL,51,n,SFO03,,
20260523,0,Saturday,TBA,AL,51,NYA,AL,53,d,NYC21,,
20260523,0,Saturday,HOU,AL,53,CHN,NL,52,d,CHI11,,
20260523,0,Saturday,PIT,NL,52,TOR,AL,52,d,TOR02,,
20260523,0,Saturday,DET,AL,53,BAL,AL,52,d,BAL12,,
20260523,0,Saturday,CLE,AL,54,PHI,NL,52,d,PHI13,,
20260523,0,Saturday,CHA,AL,51,SFN,NL,52,d,SFO03,,
20260523,0,Saturday,WAS,NL,53,ATL,NL,53,d,ATL03,,
20260523,0,Saturday,MIN,AL,52,BOS,AL,52,d,BOS07,,
20260523,0,Saturday,SEA,AL,53,KCA,AL,52,d,KAN06,,
20260523,0,Saturday,NYN,NL,52,MIA,NL,53,d,MIA02,,
20260523,0,Saturday,SLN,NL,52,CIN,NL,52,n,CIN09,,
20260523,0,Saturday,LAN,NL,52,MIL,NL,50,n,MIL06,,
20260523,0,Saturday,ATH,AL,52,SDN,NL,51,n,SAN02,,
20260523,0,Saturday,TEX,AL,51,ANA,AL,53,n,ANA01,,
20260523,0,Saturday,COL,NL,53,ARI,NL,51,n,PHO01,,
20260524,0,Sunday,PIT,NL,53,TOR,AL,53,d,TOR02,,
20260524,0,Sunday,DET,AL,54,BAL,AL,53,d,BAL12,,
20260524,0,Sunday,MIN,AL,53,BOS,AL,53,d,BOS07,,
20260524,0,Sunday,TBA,AL,52,NYA,AL,54,d,NYC21,,
20260524,0,Sunday,CLE,AL,55,PHI,NL,53,d,PHI13,,
20260524,0,Sunday,SLN,NL,53,CIN,NL,53,d,CIN09,,
20260524,0,Sunday,NYN,NL,53,MIA,NL,54,d,MIA02,,
20260524,0,Sunday,SEA,AL,54,KCA,AL,53,d,KAN06,,
20260524,0,Sunday,LAN,NL,53,MIL,NL,51,d,MIL06,,
20260524,0,Sunday,HOU,AL,54,CHN,NL,53,d,CHI11,,
20260524,0,Sunday,CHA,AL,52,SFN,NL,53,d,SFO03,,
20260524,0,Sunday,COL,NL,54,ARI,NL,52,d,PHO01,,
20260524,0,Sunday,WAS,NL,54,ATL,NL,54,d,ATL03,,
20260524,0,Sunday,ATH,AL,53,SDN,NL,52,d,SAN02,,
20260524,0,Sunday,TEX,AL,52,ANA,AL,54,d,ANA01,,
20260525,0,Monday,TBA,AL,53,BAL,AL,54,d,BAL12,,
20260525,0,Monday,MIN,AL,54,CHA,AL,53,d,CHI12,,
20260525,0,Monday,SLN,NL,54,MIL,NL,52,d,MIL06,,
20260525,0,Monday,NYA,AL,55,KCA,AL,54,d,KAN06,,
20260525,0,Monday,CIN,NL,54,NYN,NL,54,d,NYC20,,
20260525,0,Monday,ARI,NL,53,SFN,NL,54,d,SFO03,,
20260525,0,Monday,WAS,NL,55,CLE,AL,56,n,CLE08,,
20260525,0,Monday,CHN,NL,54,PIT,NL,54,n,PIT08,,
20260525,0,Monday,PHI,NL,54,SDN,NL,53,d,SAN02,,
20260525,0,Monday,HOU,AL,55,TEX,AL,53,n,ARL03,,
20260525,0,Monday,MIA,NL,55,TOR,AL,54,n,TOR02,,
20260525,0,Monday,COL,NL,55,LAN,NL,54,n,LOS03,,
20260525,0,Monday,SEA,AL,55,ATH,AL,54,n,SAC01,,
20260526,0,Tuesday,WAS,NL,56,CLE,AL,57,n,CLE08,,
20260526,0,Tuesday,TBA,AL,54,BAL,AL,55,n,BAL12,,
20260526,0,Tuesday,ANA,AL,55,DET,AL,55,n,DET05,,
20260526,0,Tuesday,CHN,NL,55,PIT,NL,55,n,PIT08,,
20260526,0,Tuesday,ATL,NL,55,BOS,AL,54,n,BOS07,,
20260526,0,Tuesday,MIA,NL,56,TOR,AL,55,n,TOR02,,
20260526,0,Tuesday,CIN,NL,55,NYN,NL,55,n,NYC20,,
20260526,0,Tuesday,MIN,AL,55,CHA,AL,54,n,CHI12,,
20260526,0,Tuesday,NYA,AL,56,KCA,AL,55,n,KAN06,,
20260526,0,Tuesday,SLN,NL,55,MIL,NL,53,n,MIL06,,
20260526,0,Tuesday,HOU,AL,56,TEX,AL,54,n,ARL03,,
20260526,0,Tuesday,SEA,AL,56,ATH,AL,55,n,SAC01,,
20260526,0,Tuesday,PHI,NL,55,SDN,NL,54,n,SAN02,,
20260526,0,Tuesday,ARI,NL,54,SFN,NL,55,n,SFO03,,
20260526,0,Tuesday,COL,NL,56,LAN,NL,55,n,LOS03,,
20260527,0,Wednesday,MIA,NL,57,TOR,AL,56,d,TOR02,,
20260527,0,Wednesday,WAS,NL,57,CLE,AL,58,d,CLE08,,
20260527,0,Wednesday,SLN,NL,56,MIL,NL,54,d,MIL06,,
20260527,0,Wednesday,SEA,AL,57,ATH,AL,56,d,SAC01,,
20260527,0,Wednesday,ARI,NL,55,SFN,NL,56,d,SFO03,,
20260527,0,Wednesday,PHI,NL,56,SDN,NL,55,d,SAN02,,
20260527,0,Wednesday,TBA,AL,55,BAL,AL,56,n,BAL12,,
20260527,0,Wednesday,ANA,AL,56,DET,AL,56,n,DET05,,
20260527,0,Wednesday,CHN,NL,56,PIT,NL,56,n,PIT08,,
20260527,0,Wednesday,ATL,NL,56,BOS,AL,55,n,BOS07,,
20260527,0,Wednesday,CIN,NL,56,NYN,NL,56,n,NYC20,,
20260527,0,Wednesday,MIN,AL,56,CHA,AL,55,n,CHI12,,
20260527,0,Wednesday,NYA,AL,57,KCA,AL,56,n,KAN06,,
20260527,0,Wednesday,HOU,AL,57,TEX,AL,55,n,ARL03,,
20260527,0,Wednesday,COL,NL,57,LAN,NL,56,n,LOS03,,
20260528,0,Thursday,ANA,AL,57,DET,AL,57,d,DET05,,
20260528,0,Thursday,MIN,AL,57,CHA,AL,56,d,CHI12,,
20260528,0,Thursday,ATL,NL,57,BOS,AL,56,d,BOS07,,
20260528,0,Thursday,TOR,AL,57,BAL,AL,57,n,BAL12,,
20260528,0,Thursday,CHN,NL,57,PIT,NL,57,n,PIT08,,
20260528,0,Thursday,HOU,AL,58,TEX,AL,56,n,ARL03,,
20260529,0,Friday,ATL,NL,58,CIN,NL,57,n,CIN09,,
20260529,0,Friday,MIN,AL,58,PIT,NL,58,n,PIT08,,
20260529,0,Friday,SDN,NL,56,WAS,NL,58,n,WAS11,,
20260529,0,Friday,TOR,AL,58,BAL,AL,58,n,BAL12,,
20260529,0,Friday,BOS,AL,57,CLE,AL,59,n,CLE08,,
20260529,0,Friday,MIA,NL,58,NYN,NL,57,n,NYC20,,
20260529,0,Friday,ANA,AL,58,TBA,AL,56,n,STP01,,
20260529,0,Friday,CHN,NL,58,SLN,NL,57,n,STL10,,
20260529,0,Friday,DET,AL,58,CHA,AL,57,n,CHI12,,
20260529,0,Friday,KCA,AL,57,TEX,AL,57,n,ARL03,,
20260529,0,Friday,MIL,NL,55,HOU,AL,59,n,HOU03,,
20260529,0,Friday,SFN,NL,57,COL,NL,58,n,DEN02,,
20260529,0,Friday,NYA,AL,58,ATH,AL,57,n,SAC01,,
20260529,0,Friday,ARI,NL,56,SEA,AL,58,n,SEA03,,
20260529,0,Friday,PHI,NL,57,LAN,NL,57,n,LOS03,,
20260530,0,Saturday,DET,AL,59,CHA,AL,58,d,CHI12,,
20260530,0,Saturday,TOR,AL,59,BAL,AL,59,d,BAL12,,
20260530,0,Saturday,MIN,AL,59,PIT,NL,59,d,PIT08,,
20260530,0,Saturday,KCA,AL,58,TEX,AL,58,d,ARL03,,
20260530,0,Saturday,SDN,NL,57,WAS,NL,59,d,WAS11,,
20260530,0,Saturday,BOS,AL,58,CLE,AL,60,d,CLE08,,
20260530,0,Saturday,MIL,NL,56,HOU,AL,60,d,HOU03,,
20260530,0,Saturday,MIA,NL,59,NYN,NL,58,d,NYC20,,
20260530,0,Saturday,ANA,AL,59,TBA,AL,57,d,STP01,,
20260530,0,Saturday,ATL,NL,59,CIN,NL,58,n,CIN09,,
20260530,0,Saturday,CHN,NL,59,SLN,NL,58,n,STL10,,
20260530,0,Saturday,SFN,NL,58,COL,NL,59,n,DEN02,,
20260530,0,Saturday,NYA,AL,59,ATH,AL,58,n,SAC01,,
20260530,0,Saturday,PHI,NL,58,LAN,NL,58,n,LOS03,,
20260530,0,Saturday,ARI,NL,57,SEA,AL,59,n,SEA03,,
20260531,0,Sunday,TOR,AL,60,BAL,AL,60,d,BAL12,,
20260531,0,Sunday,MIN,AL,60,PIT,NL,60,d,PIT08,,
20260531,0,Sunday,SDN,NL,58,WAS,NL,60,d,WAS11,,
20260531,0,Sunday,ATL,NL,60,CIN,NL,59,d,CIN09,,
20260531,0,Sunday,BOS,AL,59,CLE,AL,61,d,CLE08,,
20260531,0,Sunday,MIA,NL,60,NYN,NL,59,d,NYC20,,
20260531,0,Sunday,ANA,AL,60,TBA,AL,58,d,STP01,,
20260531,0,Sunday,DET,AL,60,CHA,AL,59,d,CHI12,,
20260531,0,Sunday,MIL,NL,57,HOU,AL,61,d,HOU03,,
20260531,0,Sunday,KCA,AL,59,TEX,AL,59,d,ARL03,,
20260531,0,Sunday,SFN,NL,59,COL,NL,60,d,DEN02,,
20260531,0,Sunday,NYA,AL,60,ATH,AL,59,d,SAC01,,
20260531,0,Sunday,PHI,NL,59,LAN,NL,59,d,LOS03,,
20260531,0,Sunday,ARI,NL,58,SEA,AL,60,d,SEA03,,
20260531,0,Sunday,CHN,NL,60,SLN,NL,59,n,STL10,,
20260601,0,Monday,DET,AL,61,TBA,AL,59,n,STP01,,
20260601,0,Monday,MIA,NL,61,WAS,NL,61,n,WAS11,,
20260601,0,Monday,KCA,AL,60,CIN,NL,60,n,CIN09,,
20260601,0,Monday,SFN,NL,60,MIL,NL,58,n,MIL06,,
20260601,0,Monday,CHA,AL,60,MIN,AL,61,n,MIN04,,
20260601,0,Monday,TEX,AL,60,SLN,NL,60,n,STL10,,
20260601,0,Monday,COL,NL,61,ANA,AL,61,n,ANA01,,
20260601,0,Monday,LAN,NL,60,ARI,NL,59,n,PHO01,,
20260601,0,Monday,NYN,NL,60,SEA,AL,61,n,SEA03,,
20260602,0,Tuesday,SDN,NL,59,PHI,NL,60,n,PHI13,,
20260602,0,Tuesday,DET,AL,62,TBA,AL,60,n,STP01,,
20260602,0,Tuesday,BAL,AL,61,BOS,AL,60,n,BOS07,,
20260602,0,Tuesday,MIA,NL,62,WAS,NL,62,n,WAS11,,
20260602,0,Tuesday,CLE,AL,62,NYA,AL,61,n,NYC21,,
20260602,0,Tuesday,KCA,AL,61,CIN,NL,61,n,CIN09,,
20260602,0,Tuesday,TOR,AL,61,ATL,NL,61,n,ATL03,,
20260602,0,Tuesday,SFN,NL,61,MIL,NL,59,n,MIL06,,
20260602,0,Tuesday,CHA,AL,61,MIN,AL,62,n,MIN04,,
20260602,0,Tuesday,TEX,AL,61,SLN,NL,61,n,STL10,,
20260602,0,Tuesday,ATH,AL,60,CHN,NL,61,n,CHI11,,
20260602,0,Tuesday,PIT,NL,61,HOU,AL,62,n,HOU03,,
20260602,0,Tuesday,COL,NL,62,ANA,AL,62,n,ANA01,,
20260602,0,Tuesday,LAN,NL,61,ARI,NL,60,n,PHO01,,
20260602,0,Tuesday,NYN,NL,61,SEA,AL,62,n,SEA03,,
20260603,0,Wednesday,MIA,NL,63,WAS,NL,63,d,WAS11,,
20260603,0,Wednesday,DET,AL,63,TBA,AL,61,d,STP01,,
20260603,0,Wednesday,CHA,AL,62,MIN,AL,63,d,MIN04,,
20260603,0,Wednesday,NYN,NL,62,SEA,AL,63,d,SEA03,,
20260603,0,Wednesday,SDN,NL,60,PHI,NL,61,n,PHI13,,
20260603,0,Wednesday,BAL,AL,62,BOS,AL,61,n,BOS07,,
20260603,0,Wednesday,CLE,AL,63,NYA,AL,62,n,NYC21,,
20260603,0,Wednesday,KCA,AL,62,CIN,NL,62,n,CIN09,,
20260603,0,Wednesday,TOR,AL,62,ATL,NL,62,n,ATL03,,
20260603,0,Wednesday,SFN,NL,62,MIL,NL,60,n,MIL06,,
20260603,0,Wednesday,TEX,AL,62,SLN,NL,62,n,STL10,,
20260603,0,Wednesday,ATH,AL,61,CHN,NL,62,n,CHI11,,
20260603,0,Wednesday,PIT,NL,62,HOU,AL,63,n,HOU03,,
20260603,0,Wednesday,COL,NL,63,ANA,AL,63,n,ANA01,,
20260603,0,Wednesday,LAN,NL,62,ARI,NL,61,n,PHO01,,
20260604,0,Thursday,SDN,NL,61,PHI,NL,62,d,PHI13,,
20260604,0,Thursday,BAL,AL,63,BOS,AL,62,d,BOS07,,
20260604,0,Thursday,CLE,AL,64,NYA,AL,63,d,NYC21,,
20260604,0,Thursday,SFN,NL,63,MIL,NL,61,d,MIL06,,
20260604,0,Thursday,TOR,AL,63,ATL,NL,63,n,ATL03,,
20260604,0,Thursday,KCA,AL,63,MIN,AL,64,n,MIN04,,
20260604,0,Thursday,ATH,AL,62,CHN,NL,63,n,CHI11,,
20260604,0,Thursday,PIT,NL,63,HOU,AL,64,n,HOU03,,
20260604,0,Thursday,LAN,NL,63,ARI,NL,62,n,PHO01,,
20260605,0,Friday,SFN,NL,64,CHN,NL,64,d,CHI11,,
20260605,0,Friday,SEA,AL,64,DET,AL,64,n,DET05,,
20260605,0,Friday,CHA,AL,63,PHI,NL,63,n,PHI13,,
20260605,0,Friday,BOS,AL,63,NYA,AL,64,n,NYC21,,
20260605,0,Friday,BAL,AL,64,TOR,AL,64,n,TOR02,,
20260605,0,Friday,TBA,AL,62,MIA,NL,64,n,MIA02,,
20260605,0,Friday,PIT,NL,64,ATL,NL,64,n,ATL03,,
20260605,0,Friday,ATH,AL,63,HOU,AL,65,n,HOU03,,
20260605,0,Friday,KCA,AL,64,MIN,AL,65,n,MIN04,,
20260605,0,Friday,CIN,NL,63,SLN,NL,63,n,STL10,,
20260605,0,Friday,CLE,AL,65,TEX,AL,63,n,ARL03,,
20260605,0,Friday,MIL,NL,62,COL,NL,64,n,DEN02,,
20260605,0,Friday,WAS,NL,64,ARI,NL,63,n,PHO01,,
20260605,0,Friday,NYN,NL,63,SDN,NL,62,n,SAN02,,
20260605,0,Friday,ANA,AL,64,LAN,NL,64,n,LOS03,,
20260606,0,Saturday,SEA,AL,65,DET,AL,65,d,DET05,,
20260606,0,Saturday,KCA,AL,65,MIN,AL,66,d,MIN04,,
20260606,0,Saturday,CIN,NL,64,SLN,NL,64,d,STL10,,
20260606,0,Saturday,SFN,NL,65,CHN,NL,65,d,CHI11,,
20260606,0,Saturday,BAL,AL,65,TOR,AL,65,d,TOR02,,
20260606,0,Saturday,CHA,AL,64,PHI,NL,64,d,PHI13,,
20260606,0,Saturday,WAS,NL,65,ARI,NL,64,d,PHO01,,
20260606,0,Saturday,PIT,NL,65,ATL,NL,65,d,ATL03,,
20260606,0,Saturday,ATH,AL,64,HOU,AL,66,d,HOU03,,
20260606,0,Saturday,TBA,AL,63,MIA,NL,65,d,MIA02,,
20260606,0,Saturday,BOS,AL,64,NYA,AL,65,n,NYC21,,
20260606,0,Saturday,CLE,AL,66,TEX,AL,64,n,ARL03,,
20260606,0,Saturday,MIL,NL,63,COL,NL,65,n,DEN02,,
20260606,0,Saturday,ANA,AL,65,LAN,NL,65,n,LOS03,,
20260606,0,Saturday,NYN,NL,64,SDN,NL,63,n,SAN02,,
20260607,0,Sunday,PIT,NL,66,ATL,NL,66,d,ATL03,,
20260607,0,Sunday,BOS,AL,65,NYA,AL,66,d,NYC21,,
20260607,0,Sunday,CHA,AL,65,PHI,NL,65,d,PHI13,,
20260607,0,Sunday,BAL,AL,66,TOR,AL,66,d,TOR02,,
20260607,0,Sunday,SEA,AL,66,DET,AL,66,d,DET05,,
20260607,0,Sunday,TBA,AL,64,MIA,NL,66,d,MIA02,,
20260607,0,Sunday,ATH,AL,65,HOU,AL,67,d,HOU03,,
20260607,0,Sunday,KCA,AL,66,MIN,AL,67,d,MIN04,,
20260607,0,Sunday,CIN,NL,65,SLN,NL,65,d,STL10,,
20260607,0,Sunday,CLE,AL,67,TEX,AL,65,d,ARL03,,
20260607,0,Sunday,MIL,NL,64,COL,NL,66,d,DEN02,,
20260607,0,Sunday,WAS,NL,66,ARI,NL,65,d,PHO01,,
20260607,0,Sunday,ANA,AL,66,LAN,NL,66,d,LOS03,,
20260607,0,Sunday,NYN,NL,65,SDN,NL,64,d,SAN02,,
20260607,0,Sunday,SFN,NL,66,CHN,NL,66,n,CHI11,,
20260608,0,Monday,SEA,AL,67,BAL,AL,67,n,BAL12,,
20260608,0,Monday,NYA,AL,67,CLE,AL,68,n,CLE08,,
20260608,0,Monday,BOS,AL,66,TBA,AL,65,n,STP01,,
20260608,0,Monday,PHI,NL,66,TOR,AL,67,n,TOR02,,
20260608,0,Monday,HOU,AL,68,ANA,AL,67,n,ANA01,,
20260608,0,Monday,CIN,NL,66,SDN,NL,65,n,SAN02,,
20260608,0,Monday,WAS,NL,67,SFN,NL,67,n,SFO03,,
20260608,0,Monday,MIL,NL,65,ATH,AL,66,n,LAS02,,
20260609,0,Tuesday,SEA,AL,68,BAL,AL,68,n,BAL12,,
20260609,0,Tuesday,NYA,AL,68,CLE,AL,69,n,CLE08,,
20260609,0,Tuesday,MIN,AL,68,DET,AL,67,n,DET05,,
20260609,0,Tuesday,ARI,NL,66,MIA,NL,67,n,MIA02,,
20260609,0,Tuesday,LAN,NL,67,PIT,NL,67,n,PIT08,,
20260609,0,Tuesday,BOS,AL,67,TBA,AL,66,n,STP01,,
20260609,0,Tuesday,PHI,NL,67,TOR,AL,68,n,TOR02,,
20260609,0,Tuesday,SLN,NL,66,NYN,NL,66,n,NYC20,,
20260609,0,Tuesday,ATL,NL,67,CHA,AL,66,n,CHI12,,
20260609,0,Tuesday,TEX,AL,66,KCA,AL,67,n,KAN06,,
20260609,0,Tuesday,CHN,NL,67,COL,NL,67,n,DEN02,,
20260609,0,Tuesday,HOU,AL,69,ANA,AL,68,n,ANA01,,
20260609,0,Tuesday,CIN,NL,67,SDN,NL,66,n,SAN02,,
20260609,0,Tuesday,WAS,NL,68,SFN,NL,68,n,SFO03,,
20260609,0,Tuesday,MIL,NL,66,ATH,AL,67,n,LAS02,,
20260610,0,Wednesday,NYA,AL,69,CLE,AL,70,d,CLE08,,
20260610,0,Wednesday,BOS,AL,68,TBA,AL,67,d,STP01,,
20260610,0,Wednesday,WAS,NL,69,SFN,NL,69,d,SFO03,,
20260610,0,Wednesday,CIN,NL,68,SDN,NL,67,d,SAN02,,
20260610,0,Wednesday,SEA,AL,69,BAL,AL,69,n,BAL12,,
20260610,0,Wednesday,MIN,AL,69,DET,AL,68,n,DET05,,
20260610,0,Wednesday,ARI,NL,67,MIA,NL,68,n,MIA02,,
20260610,0,Wednesday,LAN,NL,68,PIT,NL,68,n,PIT08,,
20260610,0,Wednesday,PHI,NL,68,TOR,AL,69,n,TOR02,,
20260610,0,Wednesday,SLN,NL,67,NYN,NL,67,n,NYC20,,
20260610,0,Wednesday,ATL,NL,68,CHA,AL,67,n,CHI12,,
20260610,0,Wednesday,TEX,AL,67,KCA,AL,68,n,KAN06,,
20260610,0,Wednesday,CHN,NL,68,COL,NL,68,n,DEN02,,
20260610,0,Wednesday,MIL,NL,67,ATH,AL,68,n,LAS02,,
20260610,0,Wednesday,HOU,AL,70,ANA,AL,69,n,ANA01,,
20260611,0,Thursday,MIN,AL,70,DET,AL,69,d,DET05,,
20260611,0,Thursday,ARI,NL,68,MIA,NL,69,d,MIA02,,
20260611,0,Thursday,SLN,NL,68,NYN,NL,68,d,NYC20,,
20260611,0,Thursday,TEX,AL,68,KCA,AL,69,d,KAN06,,
20260611,0,Thursday,CHN,NL,69,COL,NL,69,d,DEN02,,
20260611,0,Thursday,LAN,NL,69,PIT,NL,69,n,PIT08,,
20260611,0,Thursday,SEA,AL,70,BAL,AL,70,n,BAL12,,
20260611,0,Thursday,ATL,NL,69,CHA,AL,68,n,CHI12,,
20260612,0,Friday,MIA,NL,70,PIT,NL,70,n,PIT08,,
20260612,0,Friday,SEA,AL,71,WAS,NL,70,n,WAS11,,
20260612,0,Friday,SDN,NL,68,BAL,AL,71,n,BAL12,,
20260612,0,Friday,TEX,AL,69,BOS,AL,69,n,BOS07,,
20260612,0,Friday,DET,AL,70,CLE,AL,71,n,CLE08,,
20260612,0,Friday,ARI,NL,69,CIN,NL,69,n,CIN09,,
20260612,0,Friday,ATL,NL,70,NYN,NL,69,n,NYC20,,
20260612,0,Friday,NYA,AL,70,TOR,AL,70,n,TOR02,,
20260612,0,Friday,LAN,NL,70,CHA,AL,69,n,CHI12,,
20260612,0,Friday,PHI,NL,69,MIL,NL,68,n,MIL06,,
20260612,0,Friday,HOU,AL,71,KCA,AL,70,n,KAN06,,
20260612,0,Friday,SLN,NL,69,MIN,AL,71,n,MIN04,,
20260612,0,Friday,TBA,AL,68,ANA,AL,70,n,ANA01,,
20260612,0,Friday,COL,NL,70,ATH,AL,69,n,LAS02,,
20260612,0,Friday,CHN,NL,70,SFN,NL,70,n,SFO03,,
20260613,0,Saturday,SLN,NL,70,MIN,AL,72,d,MIN04,,
20260613,0,Saturday,NYA,AL,71,TOR,AL,71,d,TOR02,,
20260613,0,Saturday,SDN,NL,69,BAL,AL,72,d,BAL12,,
20260613,0,Saturday,MIA,NL,71,PIT,NL,71,d,PIT08,,
20260613,0,Saturday,SEA,AL,72,WAS,NL,71,d,WAS11,,
20260613,0,Saturday,TEX,AL,70,BOS,AL,70,d,BOS07,,
20260613,0,Saturday,LAN,NL,71,CHA,AL,70,d,CHI12,,
20260613,0,Saturday,ARI,NL,70,CIN,NL,70,d,CIN09,,
20260613,0,Saturday,DET,AL,71,CLE,AL,72,d,CLE08,,
20260613,0,Saturday,ATL,NL,71,NYN,NL,70,d,NYC20,,
20260613,0,Saturday,HOU,AL,72,KCA,AL,71,n,KAN06,,
20260613,0,Saturday,PHI,NL,70,MIL,NL,69,n,MIL06,,
20260613,0,Saturday,COL,NL,71,ATH,AL,70,n,LAS02,,
20260613,0,Saturday,CHN,NL,71,SFN,NL,71,n,SFO03,,
20260613,0,Saturday,TBA,AL,69,ANA,AL,71,n,ANA01,,
20260614,0,Sunday,MIA,NL,72,PIT,NL,72,d,PIT08,,
20260614,0,Sunday,SDN,NL,70,BAL,AL,73,d,BAL12,,
20260614,0,Sunday,SEA,AL,73,WAS,NL,72,d,WAS11,,
20260614,0,Sunday,NYA,AL,72,TOR,AL,72,d,TOR02,,
20260614,0,Sunday,ARI,NL,71,CIN,NL,71,d,CIN09,,
20260614,0,Sunday,DET,AL,72,CLE,AL,73,d,CLE08,,
20260614,0,Sunday,ATL,NL,72,NYN,NL,71,d,NYC20,,
20260614,0,Sunday,LAN,NL,72,CHA,AL,71,d,CHI12,,
20260614,0,Sunday,HOU,AL,73,KCA,AL,72,d,KAN06,,
20260614,0,Sunday,PHI,NL,71,MIL,NL,70,d,MIL06,,
20260614,0,Sunday,SLN,NL,71,MIN,AL,73,d,MIN04,,
20260614,0,Sunday,COL,NL,72,ATH,AL,71,d,LAS02,,
20260614,0,Sunday,CHN,NL,72,SFN,NL,72,d,SFO03,,
20260614,0,Sunday,TBA,AL,70,ANA,AL,72,d,ANA01,,
20260614,0,Sunday,TEX,AL,71,BOS,AL,71,n,BOS07,,
20260615,0,Monday,MIA,NL,73,PHI,NL,72,n,PHI13,,
20260615,0,Monday,KCA,AL,73,WAS,NL,73,n,WAS11,,
20260615,0,Monday,NYN,NL,72,CIN,NL,72,n,CIN09,,
20260615,0,Monday,SDN,NL,71,SLN,NL,72,n,STL10,,
20260615,0,Monday,COL,NL,73,CHN,NL,73,n,CHI11,,
20260615,0,Monday,MIN,AL,74,TEX,AL,72,n,ARL03,,
20260615,0,Monday,DET,AL,73,HOU,AL,74,n,HOU03,,
20260615,0,Monday,ANA,AL,73,ARI,NL,72,n,PHO01,,
20260615,0,Monday,PIT,NL,73,ATH,AL,72,n,SAC01,,
20260615,0,Monday,TBA,AL,71,LAN,NL,73,n,LOS03,,
20260616,0,Tuesday,MIA,NL,74,PHI,NL,73,n,PHI13,,
20260616,0,Tuesday,TOR,AL,73,BOS,AL,72,n,BOS07,,
20260616,0,Tuesday,KCA,AL,74,WAS,NL,74,n,WAS11,,
20260616,0,Tuesday,CHA,AL,72,NYA,AL,73,n,NYC21,,
20260616,0,Tuesday,NYN,NL,73,CIN,NL,73,n,CIN09,,
20260616,0,Tuesday,SFN,NL,73,ATL,NL,73,n,ATL03,,
20260616,0,Tuesday,CLE,AL,74,MIL,NL,71,n,MIL06,,
20260616,0,Tuesday,SDN,NL,72,SLN,NL,73,n,STL10,,
20260616,0,Tuesday,COL,NL,74,CHN,NL,74,n,CHI11,,
20260616,0,Tuesday,MIN,AL,75,TEX,AL,73,n,ARL03,,
20260616,0,Tuesday,DET,AL,74,HOU,AL,75,n,HOU03,,
20260616,0,Tuesday,ANA,AL,74,ARI,NL,73,n,PHO01,,
20260616,0,Tuesday,PIT,NL,74,ATH,AL,73,n,SAC01,,
20260616,0,Tuesday,BAL,AL,74,SEA,AL,74,n,SEA03,,
20260616,0,Tuesday,TBA,AL,72,LAN,NL,74,n,LOS03,,
20260617,0,Wednesday,NYN,NL,74,CIN,NL,74,d,CIN09,,
20260617,0,Wednesday,MIA,NL,75,PHI,NL,74,d,PHI13,,
20260617,0,Wednesday,KCA,AL,75,WAS,NL,75,d,WAS11,,
20260617,0,Wednesday,DET,AL,75,HOU,AL,76,d,HOU03,,
20260617,0,Wednesday,SDN,NL,73,SLN,NL,74,d,STL10,,
20260617,0,Wednesday,TBA,AL,73,LAN,NL,75,d,LOS03,,
20260617,0,Wednesday,ANA,AL,75,ARI,NL,74,d,PHO01,,
20260617,0,Wednesday,TOR,AL,74,BOS,AL,73,n,BOS07,,
20260617,0,Wednesday,CHA,AL,73,NYA,AL,74,n,NYC21,,
20260617,0,Wednesday,SFN,NL,74,ATL,NL,74,n,ATL03,,
20260617,0,Wednesday,CLE,AL,75,MIL,NL,72,n,MIL06,,
20260617,0,Wednesday,COL,NL,75,CHN,NL,75,n,CHI11,,
20260617,0,Wednesday,PIT,NL,75,ATH,AL,74,n,SAC01,,
20260617,0,Wednesday,BAL,AL,75,SEA,AL,75,n,SEA03,,
20260618,0,Thursday,TOR,AL,75,BOS,AL,74,d,BOS07,,
20260618,0,Thursday,CLE,AL,76,MIL,NL,73,d,MIL06,,
20260618,0,Thursday,MIN,AL,76,TEX,AL,74,d,ARL03,,
20260618,0,Thursday,BAL,AL,76,SEA,AL,76,d,SEA03,,
20260618,0,Thursday,NYN,NL,75,PHI,NL,75,n,PHI13,,
20260618,0,Thursday,CHA,AL,74,NYA,AL,75,n,NYC21,,
20260618,0,Thursday,SFN,NL,75,ATL,NL,75,n,ATL03,,
20260618,0,Thursday,SLN,NL,75,KCA,AL,76,n,KAN06,,
20260618,0,Thursday,ANA,AL,76,ATH,AL,75,n,SAC01,,
20260619,0,Friday,TOR,AL,76,CHN,NL,76,d,CHI11,,
20260619,0,Friday,CHA,AL,75,DET,AL,76,n,DET05,,
20260619,0,Friday,CIN,NL,75,NYA,AL,76,n,NYC21,,
20260619,0,Friday,SFN,NL,76,MIA,NL,76,n,MIA02,,
20260619,0,Friday,WAS,NL,76,TBA,AL,74,n,STP01,,
20260619,0,Friday,MIL,NL,74,ATL,NL,76,n,ATL03,,
20260619,0,Friday,SDN,NL,74,TEX,AL,75,n,ARL03,,
20260619,0,Friday,CLE,AL,77,HOU,AL,77,n,HOU03,,
20260619,0,Friday,SLN,NL,76,KCA,AL,77,n,KAN06,,
20260619,0,Friday,PIT,NL,76,COL,NL,76,n,DEN02,,
20260619,0,Friday,ANA,AL,77,ATH,AL,76,n,SAC01,,
20260619,0,Friday,MIN,AL,77,ARI,NL,75,n,PHO01,,
20260619,0,Friday,BAL,AL,77,LAN,NL,76,n,LOS03,,
20260619,0,Friday,BOS,AL,75,SEA,AL,77,n,SEA03,,
20260620,0,Saturday,CHA,AL,76,DET,AL,77,d,DET05,,
20260620,0,Saturday,CIN,NL,76,NYA,AL,77,d,NYC21,,
20260620,0,Saturday,TOR,AL,77,CHN,NL,77,d,CHI11,,
20260620,0,Saturday,SDN,NL,75,TEX,AL,76,d,ARL03,,
20260620,0,Saturday,MIL,NL,75,ATL,NL,77,d,ATL03,,
20260620,0,Saturday,SFN,NL,77,MIA,NL,77,d,MIA02,,
20260620,0,Saturday,WAS,NL,77,TBA,AL,75,d,STP01,,
20260620,0,Saturday,CLE,AL,78,HOU,AL,78,n,HOU03,,
20260620,0,Saturday,NYN,NL,76,PHI,NL,76,n,PHI13,,
20260620,0,Saturday,PIT,NL,77,COL,NL,77,n,DEN02,,
20260620,0,Saturday,ANA,AL,78,ATH,AL,77,n,SAC01,,
20260620,0,Saturday,MIN,AL,78,ARI,NL,76,n,PHO01,,
20260620,0,Saturday,BAL,AL,78,LAN,NL,77,n,LOS03,,
20260620,0,Saturday,BOS,AL,76,SEA,AL,78,n,SEA03,,
20260621,0,Sunday,MIL,NL,76,ATL,NL,78,d,ATL03,,
20260621,0,Sunday,CIN,NL,77,NYA,AL,78,d,NYC21,,
20260621,0,Sunday,CHA,AL,77,DET,AL,78,d,DET05,,
20260621,0,Sunday,SFN,NL,78,MIA,NL,78,d,MIA02,,
20260621,0,Sunday,WAS,NL,78,TBA,AL,76,d,STP01,,
20260621,0,Sunday,CLE,AL,79,HOU,AL,79,d,HOU03,,
20260621,0,Sunday,SLN,NL,77,KCA,AL,78,d,KAN06,,
20260621,0,Sunday,TOR,AL,78,CHN,NL,78,d,CHI11,,
20260621,0,Sunday,SDN,NL,76,TEX,AL,77,d,ARL03,,
20260621,0,Sunday,PIT,NL,78,COL,NL,78,d,DEN02,,
20260621,0,Sunday,MIN,AL,79,ARI,NL,77,d,PHO01,,
20260621,0,Sunday,ANA,AL,79,ATH,AL,78,d,SAC01,,
20260621,0,Sunday,BAL,AL,79,LAN,NL,78,d,LOS03,,
20260621,0,Sunday,BOS,AL,77,SEA,AL,79,d,SEA03,,
20260621,0,Sunday,NYN,NL,77,PHI,NL,77,n,PHI13,,
20260622,0,Monday,NYA,AL,79,DET,AL,79,n,DET05,,
20260622,0,Monday,TEX,AL,78,MIA,NL,79,n,MIA02,,
20260622,0,Monday,KCA,AL,79,TBA,AL,77,n,STP01,,
20260622,0,Monday,PHI,NL,78,WAS,NL,79,n,WAS11,,
20260622,0,Monday,HOU,AL,80,TOR,AL,79,n,TOR02,,
20260622,0,Monday,MIL,NL,77,CIN,NL,78,n,CIN09,,
20260622,0,Monday,CHN,NL,79,NYN,NL,78,n,NYC20,,
20260622,0,Monday,CLE,AL,80,CHA,AL,78,n,CHI12,,
20260622,0,Monday,LAN,NL,79,MIN,AL,80,n,MIN04,,
20260622,0,Monday,ARI,NL,78,SLN,NL,78,n,STL10,,
20260622,0,Monday,BOS,AL,78,COL,NL,79,n,DEN02,,
20260622,0,Monday,BAL,AL,80,ANA,AL,80,n,ANA01,,
20260622,0,Monday,ATL,NL,79,SDN,NL,77,n,SAN02,,
20260623,0,Tuesday,NYA,AL,80,DET,AL,80,n,DET05,,
20260623,0,Tuesday,TEX,AL,79,MIA,NL,80,n,MIA02,,
20260623,0,Tuesday,SEA,AL,80,PIT,NL,79,n,PIT08,,
20260623,0,Tuesday,KCA,AL,80,TBA,AL,78,n,STP01,,
20260623,0,Tuesday,PHI,NL,79,WAS,NL,80,n,WAS11,,
20260623,0,Tuesday,HOU,AL,81,TOR,AL,80,n,TOR02,,
20260623,0,Tuesday,MIL,NL,78,CIN,NL,79,n,CIN09,,
20260623,0,Tuesday,CHN,NL,80,NYN,NL,79,n,NYC20,,
20260623,0,Tuesday,CLE,AL,81,CHA,AL,79,n,CHI12,,
20260623,0,Tuesday,LAN,NL,80,MIN,AL,81,n,MIN04,,
20260623,0,Tuesday,ARI,NL,79,SLN,NL,79,n,STL10,,
20260623,0,Tuesday,BOS,AL,79,COL,NL,80,n,DEN02,,
20260623,0,Tuesday,BAL,AL,81,ANA,AL,81,n,ANA01,,
20260623,0,Tuesday,ATL,NL,80,SDN,NL,78,n,SAN02,,
20260623,0,Tuesday,ATH,AL,79,SFN,NL,79,n,SFO03,,
20260624,0,Wednesday,TEX,AL,80,MIA,NL,81,d,MIA02,,
20260624,0,Wednesday,CLE,AL,82,CHA,AL,80,d,CHI12,,
20260624,0,Wednesday,BOS,AL,80,COL,NL,81,d,DEN02,,
20260624,0,Wednesday,BAL,AL,82,ANA,AL,82,d,ANA01,,
20260624,0,Wednesday,NYA,AL,81,DET,AL,81,n,DET05,,
20260624,0,Wednesday,SEA,AL,81,PIT,NL,80,n,PIT08,,
20260624,0,Wednesday,KCA,AL,81,TBA,AL,79,n,STP01,,
20260624,0,Wednesday,PHI,NL,80,WAS,NL,81,n,WAS11,,
20260624,0,Wednesday,HOU,AL,82,TOR,AL,81,n,TOR02,,
20260624,0,Wednesday,MIL,NL,79,CIN,NL,80,n,CIN09,,
20260624,0,Wednesday,CHN,NL,81,NYN,NL,80,n,NYC20,,
20260624,0,Wednesday,LAN,NL,81,MIN,AL,82,n,MIN04,,
20260624,0,Wednesday,ARI,NL,80,SLN,NL,80,n,STL10,,
20260624,0,Wednesday,ATL,NL,81,SDN,NL,79,d,SAN02,,
20260624,0,Wednesday,ATH,AL,80,SFN,NL,80,n,SFO03,,
20260625,0,Thursday,KCA,AL,82,TBA,AL,80,d,STP01,,
20260625,0,Thursday,SEA,AL,82,PIT,NL,81,d,PIT08,,
20260625,0,Thursday,ATH,AL,81,SFN,NL,81,d,SFO03,,
20260625,0,Thursday,HOU,AL,83,DET,AL,82,n,DET05,,
20260625,0,Thursday,PHI,NL,81,WAS,NL,82,n,WAS11,,
20260625,0,Thursday,TEX,AL,81,TOR,AL,82,n,TOR02,,
20260625,0,Thursday,NYA,AL,82,BOS,AL,81,n,BOS07,,
20260625,0,Thursday,CHN,NL,82,NYN,NL,81,n,NYC20,,
20260625,0,Thursday,ARI,NL,81,SLN,NL,81,n,STL10,,
20260626,0,Friday,HOU,AL,84,DET,AL,83,n,DET05,,
20260626,0,Friday,CIN,NL,81,PIT,NL,82,n,PIT08,,
20260626,0,Friday,WAS,NL,83,BAL,AL,83,n,BAL12,,
20260626,0,Friday,TEX,AL,82,TOR,AL,83,n,TOR02,,
20260626,0,Friday,NYA,AL,83,BOS,AL,82,n,BOS07,,
20260626,0,Friday,SEA,AL,83,CLE,AL,83,n,CLE08,,
20260626,0,Friday,PHI,NL,82,NYN,NL,82,n,NYC20,,
20260626,0,Friday,ARI,NL,82,TBA,AL,81,n,STP01,,
20260626,0,Friday,KCA,AL,83,CHA,AL,81,n,CHI12,,
20260626,0,Friday,CHN,NL,83,MIL,NL,80,n,MIL06,,
20260626,0,Friday,COL,NL,82,MIN,AL,83,n,MIN04,,
20260626,0,Friday,MIA,NL,82,SLN,NL,82,n,STL10,,
20260626,0,Friday,ATH,AL,82,ANA,AL,83,n,ANA01,,
20260626,0,Friday,LAN,NL,82,SDN,NL,80,n,SAN02,,
20260626,0,Friday,ATL,NL,82,SFN,NL,82,n,SFO03,,
20260627,0,Saturday,NYA,AL,84,BOS,AL,83,d,BOS07,,
20260627,0,Saturday,HOU,AL,85,DET,AL,84,d,DET05,,
20260627,0,Saturday,TEX,AL,83,TOR,AL,84,d,TOR02,,
20260627,0,Saturday,CIN,NL,82,PIT,NL,83,d,PIT08,,
20260627,0,Saturday,KCA,AL,84,CHA,AL,82,d,CHI12,,
20260627,0,Saturday,PHI,NL,83,NYN,NL,83,d,NYC20,,
20260627,0,Saturday,ARI,NL,83,TBA,AL,82,n,STP01,,
20260627,0,Saturday,WAS,NL,84,BAL,AL,84,n,BAL12,,
20260627,0,Saturday,SEA,AL,84,CLE,AL,84,n,CLE08,,
20260627,0,Saturday,CHN,NL,84,MIL,NL,81,n,MIL06,,
20260627,0,Saturday,COL,NL,83,MIN,AL,84,n,MIN04,,
20260627,0,Saturday,MIA,NL,83,SLN,NL,83,n,STL10,,
20260627,0,Saturday,LAN,NL,83,SDN,NL,81,d,SAN02,,
20260627,0,Saturday,ATL,NL,83,SFN,NL,83,n,SFO03,,
20260627,0,Saturday,ATH,AL,83,ANA,AL,84,n,ANA01,,
20260628,0,Sunday,WAS,NL,85,BAL,AL,85,d,BAL12,,
20260628,0,Sunday,CIN,NL,83,PIT,NL,84,d,PIT08,,
20260628,0,Sunday,TEX,AL,84,TOR,AL,85,d,TOR02,,
20260628,0,Sunday,SEA,AL,85,CLE,AL,85,d,CLE08,,
20260628,0,Sunday,HOU,AL,86,DET,AL,85,d,DET05,,
20260628,0,Sunday,PHI,NL,84,NYN,NL,84,d,NYC20,,
20260628,0,Sunday,ARI,NL,84,TBA,AL,83,d,STP01,,
20260628,0,Sunday,KCA,AL,85,CHA,AL,83,d,CHI12,,
20260628,0,Sunday,CHN,NL,85,MIL,NL,82,d,MIL06,,
20260628,0,Sunday,COL,NL,84,MIN,AL,85,d,MIN04,,
20260628,0,Sunday,MIA,NL,84,SLN,NL,84,d,STL10,,
20260628,0,Sunday,ATH,AL,84,ANA,AL,85,d,ANA01,,
20260628,0,Sunday,ATL,NL,84,SFN,NL,84,d,SFO03,,
20260628,0,Sunday,LAN,NL,84,SDN,NL,82,d,SAN02,,
20260628,0,Sunday,NYA,AL,85,BOS,AL,84,n,BOS07,,
20260629,0,Monday,CHA,AL,84,BAL,AL,86,n,BAL12,,
20260629,0,Monday,PIT,NL,85,PHI,NL,85,n,PHI13,,
20260629,0,Monday,DET,AL,86,NYA,AL,86,n,NYC21,,
20260629,0,Monday,NYN,NL,85,TOR,AL,86,n,TOR02,,
20260629,0,Monday,WAS,NL,86,BOS,AL,85,n,BOS07,,
20260629,0,Monday,TEX,AL,85,CLE,AL,86,n,CLE08,,
20260629,0,Monday,CIN,NL,84,MIL,NL,83,n,MIL06,,
20260629,0,Monday,SDN,NL,83,CHN,NL,86,n,CHI11,,
20260629,0,Monday,MIN,AL,86,HOU,AL,87,n,HOU03,,
20260629,0,Monday,MIA,NL,85,COL,NL,85,n,DEN02,,
20260629,0,Monday,SFN,NL,85,ARI,NL,85,n,PHO01,,
20260629,0,Monday,LAN,NL,85,ATH,AL,85,n,SAC01,,
20260629,0,Monday,ANA,AL,86,SEA,AL,86,n,SEA03,,
20260630,0,Tuesday,CHA,AL,85,BAL,AL,87,n,BAL12,,
20260630,0,Tuesday,TEX,AL,86,CLE,AL,87,n,CLE08,,
20260630,0,Tuesday,PIT,NL,86,PHI,NL,86,n,PHI13,,
20260630,0,Tuesday,DET,AL,87,NYA,AL,87,n,NYC21,,
20260630,0,Tuesday,NYN,NL,86,TOR,AL,87,n,TOR02,,
20260630,0,Tuesday,WAS,NL,87,BOS,AL,86,n,BOS07,,
20260630,0,Tuesday,SLN,NL,85,ATL,NL,85,n,ATL03,,
20260630,0,Tuesday,TBA,AL,84,KCA,AL,86,n,KAN06,,
20260630,0,Tuesday,CIN,NL,85,MIL,NL,84,n,MIL06,,
20260630,0,Tuesday,SDN,NL,84,CHN,NL,87,n,CHI11,,
20260630,0,Tuesday,MIN,AL,87,HOU,AL,88,n,HOU03,,
20260630,0,Tuesday,MIA,NL,86,COL,NL,86,n,DEN02,,
20260630,0,Tuesday,SFN,NL,86,ARI,NL,86,n,PHO01,,
20260630,0,Tuesday,LAN,NL,86,ATH,AL,86,n,SAC01,,
20260630,0,Tuesday,ANA,AL,87,SEA,AL,87,n,SEA03,,
20260701,0,Wednesday,CHA,AL,86,BAL,AL,88,d,BAL12,,
20260701,0,Wednesday,TEX,AL,87,CLE,AL,88,d,CLE08,,
20260701,0,Wednesday,WAS,NL,88,BOS,AL,87,d,BOS07,,
20260701,0,Wednesday,DET,AL,88,NYA,AL,88,d,NYC21,,
20260701,0,Wednesday,SDN,NL,85,CHN,NL,88,d,CHI11,,
20260701,0,Wednesday,NYN,NL,87,TOR,AL,88,d,TOR02,,
20260701,0,Wednesday,PIT,NL,87,PHI,NL,87,n,PHI13,,
20260701,0,Wednesday,SLN,NL,86,ATL,NL,86,n,ATL03,,
20260701,0,Wednesday,TBA,AL,85,KCA,AL,87,n,KAN06,,
20260701,0,Wednesday,MIN,AL,88,HOU,AL,89,n,HOU03,,
20260701,0,Wednesday,CIN,NL,86,MIL,NL,85,n,MIL06,,
20260701,0,Wednesday,MIA,NL,87,COL,NL,87,n,DEN02,,
20260701,0,Wednesday,SFN,NL,87,ARI,NL,87,n,PHO01,,
20260701,0,Wednesday,LAN,NL,87,ATH,AL,87,n,SAC01,,
20260702,0,Thursday,PIT,NL,88,PHI,NL,88,d,PHI13,,
20260702,0,Thursday,CIN,NL,87,MIL,NL,86,d,MIL06,,
20260702,0,Thursday,MIA,NL,88,COL,NL,88,d,DEN02,,
20260702,0,Thursday,CHA,AL,87,CLE,AL,89,n,CLE08,,
20260702,0,Thursday,SLN,NL,87,ATL,NL,87,n,ATL03,,
20260702,0,Thursday,TBA,AL,86,KCA,AL,88,n,KAN06,,
20260702,0,Thursday,DET,AL,89,TEX,AL,88,n,ARL03,,
20260702,0,Thursday,ANA,AL,88,SEA,AL,88,n,SEA03,,
20260702,0,Thursday,SDN,NL,86,LAN,NL,88,n,LOS03,,
20260703,0,Friday,SLN,NL,88,CHN,NL,89,d,CHI11,,
20260703,0,Friday,PIT,NL,89,WAS,NL,89,n,WAS11,,
20260703,0,Friday,MIN,AL,89,NYA,AL,89,n,NYC21,,
20260703,0,Friday,BAL,AL,89,CIN,NL,88,n,CIN09,,
20260703,0,Friday,CHA,AL,88,CLE,AL,90,n,CLE08,,
20260703,0,Friday,NYN,NL,88,ATL,NL,88,n,ATL03,,
20260703,0,Friday,SFN,NL,88,COL,NL,89,n,DEN02,,
20260703,0,Friday,TBA,AL,87,HOU,AL,90,n,HOU03,,
20260703,0,Friday,BOS,AL,88,ANA,AL,89,n,ANA01,,
20260703,0,Friday,MIL,NL,87,ARI,NL,88,n,PHO01,,
20260703,0,Friday,MIA,NL,89,ATH,AL,88,n,SAC01,,
20260703,0,Friday,SDN,NL,87,LAN,NL,89,n,LOS03,,
20260703,0,Friday,TOR,AL,89,SEA,AL,89,n,SEA03,,
20260704,0,Saturday,PIT,NL,90,WAS,NL,90,d,WAS11,,
20260704,0,Saturday,MIN,AL,90,NYA,AL,90,d,NYC21,,
20260704,0,Saturday,DET,AL,90,TEX,AL,89,d,ARL03,,
20260704,0,Saturday,TOR,AL,90,SEA,AL,90,d,SEA03,,
20260704,0,Saturday,BAL,AL,90,CIN,NL,89,n,CIN09,,
20260704,0,Saturday,CHA,AL,89,CLE,AL,91,n,CLE08,,
20260704,0,Saturday,TBA,AL,88,HOU,AL,91,n,HOU03,,
20260704,0,Saturday,NYN,NL,89,ATL,NL,89,n,ATL03,,
20260704,0,Saturday,SLN,NL,89,CHN,NL,90,n,CHI11,,
20260704,0,Saturday,SFN,NL,89,COL,NL,90,n,DEN02,,
20260704,0,Saturday,PHI,NL,89,KCA,AL,89,n,KAN06,,
20260704,0,Saturday,BOS,AL,89,ANA,AL,90,n,ANA01,,
20260704,0,Saturday,MIL,NL,88,ARI,NL,89,n,PHO01,,
20260704,0,Saturday,MIA,NL,90,ATH,AL,89,n,SAC01,,
20260704,0,Saturday,SDN,NL,88,LAN,NL,90,n,LOS03,,
20260705,0,Sunday,NYN,NL,90,ATL,NL,90,d,ATL03,,
20260705,0,Sunday,BAL,AL,91,CIN,NL,90,d,CIN09,,
20260705,0,Sunday,PIT,NL,91,WAS,NL,91,d,WAS11,,
20260705,0,Sunday,MIN,AL,91,NYA,AL,91,d,NYC21,,
20260705,0,Sunday,CHA,AL,90,CLE,AL,92,d,CLE08,,
20260705,0,Sunday,SLN,NL,90,CHN,NL,91,d,CHI11,,
20260705,0,Sunday,PHI,NL,90,KCA,AL,90,d,KAN06,,
20260705,0,Sunday,TBA,AL,89,HOU,AL,92,d,HOU03,,
20260705,0,Sunday,DET,AL,91,TEX,AL,90,d,ARL03,,
20260705,0,Sunday,SFN,NL,90,COL,NL,91,d,DEN02,,
20260705,0,Sunday,MIL,NL,89,ARI,NL,90,d,PHO01,,
20260705,0,Sunday,MIA,NL,91,ATH,AL,90,d,SAC01,,
20260705,0,Sunday,TOR,AL,91,SEA,AL,91,d,SEA03,,
20260705,0,Sunday,SDN,NL,89,LAN,NL,91,d,LOS03,,
20260705,0,Sunday,BOS,AL,90,ANA,AL,91,n,ANA01,,
20260706,0,Monday,PHI,NL,91,KCA,AL,91,d,KAN06,,
20260706,0,Monday,NYA,AL,92,TBA,AL,90,n,STP01,,
20260706,0,Monday,HOU,AL,93,WAS,NL,92,n,WAS11,,
20260706,0,Monday,NYN,NL,91,ATL,NL,91,n,ATL03,,
20260706,0,Monday,MIL,NL,90,SLN,NL,91,n,STL10,,
20260706,0,Monday,ARI,NL,91,SDN,NL,90,n,SAN02,,
20260706,0,Monday,TOR,AL,92,SFN,NL,91,n,SFO03,,
20260706,0,Monday,COL,NL,92,LAN,NL,92,n,LOS03,,
20260707,0,Tuesday,CHN,NL,92,BAL,AL,92,n,BAL12,,
20260707,0,Tuesday,ATH,AL,91,DET,AL,92,n,DET05,,
20260707,0,Tuesday,SEA,AL,92,MIA,NL,92,n,MIA02,,
20260707,0,Tuesday,ATL,NL,92,PIT,NL,92,n,PIT08,,
20260707,0,Tuesday,NYA,AL,93,TBA,AL,91,n,STP01,,
20260707,0,Tuesday,HOU,AL,94,WAS,NL,93,n,WAS11,,
20260707,0,Tuesday,PHI,NL,92,CIN,NL,91,n,CIN09,,
20260707,0,Tuesday,KCA,AL,92,NYN,NL,92,n,NYC20,,
20260707,0,Tuesday,BOS,AL,91,CHA,AL,91,n,CHI12,,
20260707,0,Tuesday,CLE,AL,93,MIN,AL,92,n,MIN04,,
20260707,0,Tuesday,MIL,NL,91,SLN,NL,92,n,STL10,,
20260707,0,Tuesday,ANA,AL,92,TEX,AL,91,n,ARL03,,
20260707,0,Tuesday,ARI,NL,92,SDN,NL,91,n,SAN02,,
20260707,0,Tuesday,TOR,AL,93,SFN,NL,92,n,SFO03,,
20260707,0,Tuesday,COL,NL,93,LAN,NL,93,n,LOS03,,
20260708,0,Wednesday,TOR,AL,94,SFN,NL,93,d,SFO03,,
20260708,0,Wednesday,CHN,NL,93,BAL,AL,93,n,BAL12,,
20260708,0,Wednesday,ATH,AL,92,DET,AL,93,n,DET05,,
20260708,0,Wednesday,SEA,AL,93,MIA,NL,93,n,MIA02,,
20260708,0,Wednesday,ATL,NL,93,PIT,NL,93,n,PIT08,,
20260708,0,Wednesday,NYA,AL,94,TBA,AL,92,n,STP01,,
20260708,0,Wednesday,HOU,AL,95,WAS,NL,94,n,WAS11,,
20260708,0,Wednesday,PHI,NL,93,CIN,NL,92,n,CIN09,,
20260708,0,Wednesday,KCA,AL,93,NYN,NL,93,n,NYC20,,
20260708,0,Wednesday,BOS,AL,92,CHA,AL,92,n,CHI12,,
20260708,0,Wednesday,CLE,AL,94,MIN,AL,93,n,MIN04,,
20260708,0,Wednesday,MIL,NL,92,SLN,NL,93,n,STL10,,
20260708,0,Wednesday,ANA,AL,93,TEX,AL,92,n,ARL03,,
20260708,0,Wednesday,COL,NL,94,LAN,NL,94,n,LOS03,,
20260708,0,Wednesday,ARI,NL,93,SDN,NL,92,n,SAN02,,
20260709,0,Thursday,ATL,NL,94,PIT,NL,94,d,PIT08,,
20260709,0,Thursday,KCA,AL,94,NYN,NL,94,d,NYC20,,
20260709,0,Thursday,NYA,AL,95,TBA,AL,93,d,STP01,,
20260709,0,Thursday,CLE,AL,95,MIN,AL,94,d,MIN04,,
20260709,0,Thursday,BOS,AL,93,CHA,AL,93,d,CHI12,,
20260709,0,Thursday,CHN,NL,94,BAL,AL,94,n,BAL12,,
20260709,0,Thursday,ATH,AL,93,DET,AL,94,n,DET05,,
20260709,0,Thursday,SEA,AL,94,MIA,NL,94,n,MIA02,,
20260709,0,Thursday,PHI,NL,94,CIN,NL,93,n,CIN09,,
20260709,0,Thursday,MIL,NL,93,SLN,NL,94,n,STL10,,
20260709,0,Thursday,ANA,AL,94,TEX,AL,93,n,ARL03,,
20260709,0,Thursday,ARI,NL,94,SDN,NL,93,n,SAN02,,
20260709,0,Thursday,COL,NL,95,SFN,NL,94,n,SFO03,,
20260710,0,Friday,PHI,NL,95,DET,AL,95,n,DET05,,
20260710,0,Friday,MIL,NL,94,PIT,NL,95,n,PIT08,,
20260710,0,Friday,NYA,AL,96,WAS,NL,95,n,WAS11,,
20260710,0,Friday,KCA,AL,95,BAL,AL,95,n,BAL12,,
20260710,0,Friday,CHN,NL,95,CIN,NL,94,n,CIN09,,
20260710,0,Friday,CLE,AL,96,MIA,NL,95,n,MIA02,,
20260710,0,Friday,BOS,AL,94,NYN,NL,95,n,NYC20,,
20260710,0,Friday,SEA,AL,95,TBA,AL,94,n,STP01,,
20260710,0,Friday,ATH,AL,94,CHA,AL,94,n,CHI12,,
20260710,0,Friday,HOU,AL,96,TEX,AL,94,n,ARL03,,
20260710,0,Friday,ANA,AL,95,MIN,AL,95,n,MIN04,,
20260710,0,Friday,ATL,NL,95,SLN,NL,95,n,STL10,,
20260710,0,Friday,TOR,AL,95,SDN,NL,94,n,SAN02,,
20260710,0,Friday,ARI,NL,95,LAN,NL,95,n,LOS03,,
20260710,0,Friday,COL,NL,96,SFN,NL,95,n,SFO03,,
20260711,0,Saturday,ANA,AL,96,MIN,AL,96,d,MIN04,,
20260711,0,Saturday,MIL,NL,95,PIT,NL,96,d,PIT08,,
20260711,0,Saturday,COL,NL,97,SFN,NL,96,d,SFO03,,
20260711,0,Saturday,NYA,AL,97,WAS,NL,96,d,WAS11,,
20260711,0,Saturday,ATH,AL,95,CHA,AL,95,d,CHI12,,
20260711,0,Saturday,CLE,AL,97,MIA,NL,96,d,MIA02,,
20260711,0,Saturday,BOS,AL,95,NYN,NL,96,d,NYC20,,
20260711,0,Saturday,SEA,AL,96,TBA,AL,95,d,STP01,,
20260711,0,Saturday,PHI,NL,96,DET,AL,96,n,DET05,,
20260711,0,Saturday,KCA,AL,96,BAL,AL,96,n,BAL12,,
20260711,0,Saturday,HOU,AL,97,TEX,AL,95,n,ARL03,,
20260711,0,Saturday,CHN,NL,96,CIN,NL,95,n,CIN09,,
20260711,0,Saturday,ATL,NL,96,SLN,NL,96,n,STL10,,
20260711,0,Saturday,TOR,AL,96,SDN,NL,95,d,SAN02,,
20260711,0,Saturday,ARI,NL,96,LAN,NL,96,n,LOS03,,
20260712,0,Sunday,MIL,NL,96,PIT,NL,97,d,PIT08,,
20260712,0,Sunday,KCA,AL,97,BAL,AL,97,d,BAL12,,
20260712,0,Sunday,NYA,AL,98,WAS,NL,97,d,WAS11,,
20260712,0,Sunday,CHN,NL,97,CIN,NL,96,d,CIN09,,
20260712,0,Sunday,PHI,NL,97,DET,AL,97,d,DET05,,
20260712,0,Sunday,CLE,AL,98,MIA,NL,97,d,MIA02,,
20260712,0,Sunday,BOS,AL,96,NYN,NL,97,d,NYC20,,
20260712,0,Sunday,SEA,AL,97,TBA,AL,96,d,STP01,,
20260712,0,Sunday,ATH,AL,96,CHA,AL,96,d,CHI12,,
20260712,0,Sunday,ANA,AL,97,MIN,AL,97,d,MIN04,,
20260712,0,Sunday,ATL,NL,97,SLN,NL,97,d,STL10,,
20260712,0,Sunday,HOU,AL,98,TEX,AL,96,d,ARL03,,
20260712,0,Sunday,COL,NL,98,SFN,NL,97,d,SFO03,,
20260712,0,Sunday,ARI,NL,97,LAN,NL,97,d,LOS03,,
20260712,0,Sunday,TOR,AL,97,SDN,NL,96,d,SAN02,,
20260716,0,Thursday,NYN,NL,98,PHI,NL,98,n,PHI13,,
20260717,0,Friday,LAN,NL,98,NYA,AL,99,n,NYC21,,
20260717,0,Friday,CHA,AL,97,TOR,AL,98,n,TOR02,,
20260717,0,Friday,TBA,AL,97,BOS,AL,97,n,BOS07,,
20260717,0,Friday,PIT,NL,98,CLE,AL,99,n,CLE08,,
20260717,0,Friday,TEX,AL,97,ATL,NL,98,n,ATL03,,
20260717,0,Friday,MIA,NL,98,MIL,NL,97,n,MIL06,,
20260717,0,Friday,MIN,AL,98,CHN,NL,98,n,CHI11,,
20260717,0,Friday,BAL,AL,98,HOU,AL,99,n,HOU03,,
20260717,0,Friday,SDN,NL,97,KCA,AL,98,n,KAN06,,
20260717,0,Friday,CIN,NL,97,COL,NL,99,n,DEN02,,
20260717,0,Friday,DET,AL,98,ANA,AL,98,n,ANA01,,
20260717,0,Friday,SLN,NL,98,ARI,NL,98,n,PHO01,,
20260717,0,Friday,WAS,NL,98,ATH,AL,97,n,SAC01,,
20260717,0,Friday,SFN,NL,98,SEA,AL,98,n,SEA03,,
20260718,0,Saturday,MIN,AL,99,CHN,NL,99,d,CHI11,,
20260718,0,Saturday,CHA,AL,98,TOR,AL,99,d,TOR02,,
20260718,0,Saturday,CIN,NL,98,COL,NL,100,d,DEN02,,
20260718,0,Saturday,NYN,NL,99,PHI,NL,99,d,PHI13,,
20260718,0,Saturday,SLN,NL,99,ARI,NL,99,d,PHO01,,
20260718,0,Saturday,TEX,AL,98,ATL,NL,99,d,ATL03,,
20260718,0,Saturday,TBA,AL,98,BOS,AL,98,d,BOS07,,
20260718,0,Saturday,PIT,NL,99,CLE,AL,100,d,CLE08,,
20260718,0,Saturday,BAL,AL,99,HOU,AL,100,d,HOU03,,
20260718,0,Saturday,SDN,NL,98,KCA,AL,99,d,KAN06,,
20260718,0,Saturday,MIA,NL,99,MIL,NL,98,d,MIL06,,
20260718,0,Saturday,LAN,NL,99,NYA,AL,100,n,NYC21,,
20260718,0,Saturday,SFN,NL,99,SEA,AL,99,d,SEA03,,
20260718,0,Saturday,WAS,NL,99,ATH,AL,98,n,SAC01,,
20260718,0,Saturday,DET,AL,99,ANA,AL,99,n,ANA01,,
20260719,0,Sunday,CHA,AL,99,TOR,AL,100,d,TOR02,,
20260719,0,Sunday,TEX,AL,99,ATL,NL,100,d,ATL03,,
20260719,0,Sunday,TBA,AL,99,BOS,AL,99,d,BOS07,,
20260719,0,Sunday,NYN,NL,100,PHI,NL,100,d,PHI13,,
20260719,0,Sunday,PIT,NL,100,CLE,AL,101,d,CLE08,,
20260719,0,Sunday,BAL,AL,100,HOU,AL,101,d,HOU03,,
20260719,0,Sunday,SDN,NL,99,KCA,AL,100,d,KAN06,,
20260719,0,Sunday,MIA,NL,100,MIL,NL,99,d,MIL06,,
20260719,0,Sunday,MIN,AL,100,CHN,NL,100,d,CHI11,,
20260719,0,Sunday,CIN,NL,99,COL,NL,101,d,DEN02,,
20260719,0,Sunday,WAS,NL,100,ATH,AL,99,d,SAC01,,
20260719,0,Sunday,DET,AL,100,ANA,AL,100,d,ANA01,,
20260719,0,Sunday,SLN,NL,100,ARI,NL,100,d,PHO01,,
20260719,0,Sunday,SFN,NL,100,SEA,AL,100,d,SEA03,,
20260719,0,Sunday,LAN,NL,100,NYA,AL,101,n,NYC21,,
20260720,0,Monday,MIN,AL,101,CLE,AL,102,n,CLE08,,
20260720,0,Monday,PIT,NL,101,NYA,AL,102,n,NYC21,,
20260720,0,Monday,TBA,AL,100,TOR,AL,101,n,TOR02,,
20260720,0,Monday,BAL,AL,101,BOS,AL,100,n,BOS07,,
20260720,0,Monday,LAN,NL,101,PHI,NL,101,n,PHI13,,
20260720,0,Monday,SDN,NL,100,ATL,NL,101,n,ATL03,,
20260720,0,Monday,SFN,NL,101,KCA,AL,101,n,KAN06,,
20260720,0,Monday,NYN,NL,101,MIL,NL,100,n,MIL06,,
20260720,0,Monday,DET,AL,101,CHN,NL,101,n,CHI11,,
20260720,0,Monday,CHA,AL,100,TEX,AL,100,n,ARL03,,
20260720,0,Monday,MIA,NL,101,HOU,AL,102,n,HOU03,,
20260720,0,Monday,WAS,NL,101,COL,NL,102,n,DEN02,,
20260720,0,Monday,ATH,AL,100,ARI,NL,101,n,PHO01,,
20260720,0,Monday,CIN,NL,100,SEA,AL,101,n,SEA03,,
20260720,0,Monday,SLN,NL,101,ANA,AL,101,n,ANA01,,
20260721,0,Tuesday,MIN,AL,102,CLE,AL,103,n,CLE08,,
20260721,0,Tuesday,LAN,NL,102,PHI,NL,102,n,PHI13,,
20260721,0,Tuesday,PIT,NL,102,NYA,AL,103,n,NYC21,,
20260721,0,Tuesday,TBA,AL,101,TOR,AL,102,n,TOR02,,
20260721,0,Tuesday,BAL,AL,102,BOS,AL,101,n,BOS07,,
20260721,0,Tuesday,SDN,NL,101,ATL,NL,102,n,ATL03,,
20260721,0,Tuesday,SFN,NL,102,KCA,AL,102,n,KAN06,,
20260721,0,Tuesday,NYN,NL,102,MIL,NL,101,n,MIL06,,
20260721,0,Tuesday,DET,AL,102,CHN,NL,102,n,CHI11,,
20260721,0,Tuesday,CHA,AL,101,TEX,AL,101,n,ARL03,,
20260721,0,Tuesday,MIA,NL,102,HOU,AL,103,n,HOU03,,
20260721,0,Tuesday,WAS,NL,102,COL,NL,103,n,DEN02,,
20260721,0,Tuesday,SLN,NL,102,ANA,AL,102,n,ANA01,,
20260721,0,Tuesday,ATH,AL,101,ARI,NL,102,n,PHO01,,
20260721,0,Tuesday,CIN,NL,101,SEA,AL,102,n,SEA03,,
20260722,0,Wednesday,PIT,NL,103,NYA,AL,104,d,NYC21,,
20260722,0,Wednesday,SFN,NL,103,KCA,AL,103,d,KAN06,,
20260722,0,Wednesday,NYN,NL,103,MIL,NL,102,d,MIL06,,
20260722,0,Wednesday,WAS,NL,103,COL,NL,104,d,DEN02,,
20260722,0,Wednesday,ATH,AL,102,ARI,NL,103,d,PHO01,,
20260722,0,Wednesday,CIN,NL,102,SEA,AL,103,d,SEA03,,
20260722,0,Wednesday,SLN,NL,103,ANA,AL,103,d,ANA01,,
20260722,0,Wednesday,MIN,AL,103,CLE,AL,104,n,CLE08,,
20260722,0,Wednesday,LAN,NL,103,PHI,NL,103,n,PHI13,,
20260722,0,Wednesday,TBA,AL,102,TOR,AL,103,n,TOR02,,
20260722,0,Wednesday,BAL,AL,103,BOS,AL,102,n,BOS07,,
20260722,0,Wednesday,SDN,NL,102,ATL,NL,103,n,ATL03,,
20260722,0,Wednesday,DET,AL,103,CHN,NL,103,n,CHI11,,
20260722,0,Wednesday,CHA,AL,102,TEX,AL,102,n,ARL03,,
20260722,0,Wednesday,MIA,NL,103,HOU,AL,104,n,HOU03,,
20260723,0,Thursday,SDN,NL,103,ATL,NL,104,d,ATL03,,
20260723,0,Thursday,MIN,AL,104,CLE,AL,105,d,CLE08,,
20260723,0,Thursday,TBA,AL,103,TOR,AL,104,d,TOR02,,
20260723,0,Thursday,KCA,AL,104,DET,AL,104,n,DET05,,
20260724,0,Friday,COL,NL,105,MIL,NL,103,d,MIL06,,
20260724,0,Friday,KCA,AL,105,DET,AL,105,n,DET05,,
20260724,0,Friday,NYA,AL,105,PHI,NL,104,n,PHI13,,
20260724,0,Friday,CHN,NL,104,PIT,NL,104,n,PIT08,,
20260724,0,Friday,ARI,NL,104,WAS,NL,104,n,WAS11,,
20260724,0,Friday,ATL,NL,105,BAL,AL,104,n,BAL12,,
20260724,0,Friday,TOR,AL,105,BOS,AL,103,n,BOS07,,
20260724,0,Friday,SDN,NL,104,MIA,NL,104,n,MIA02,,
20260724,0,Friday,LAN,NL,104,NYN,NL,104,n,NYC20,,
20260724,0,Friday,CLE,AL,106,TBA,AL,104,n,STP01,,
20260724,0,Friday,HOU,AL,105,CHA,AL,103,n,CHI12,,
20260724,0,Friday,SEA,AL,104,TEX,AL,103,n,ARL03,,
20260724,0,Friday,ATH,AL,103,MIN,AL,105,n,MIN04,,
20260724,0,Friday,CIN,NL,103,SLN,NL,104,n,STL10,,
20260724,0,Friday,ANA,AL,104,SFN,NL,104,n,SFO03,,
20260725,0,Saturday,KCA,AL,106,DET,AL,106,d,DET05,,
20260725,0,Saturday,ANA,AL,105,SFN,NL,105,d,SFO03,,
20260725,0,Saturday,ARI,NL,105,WAS,NL,105,d,WAS11,,
20260725,0,Saturday,TOR,AL,106,BOS,AL,104,d,BOS07,,
20260725,0,Saturday,SDN,NL,105,MIA,NL,105,d,MIA02,,
20260725,0,Saturday,NYA,AL,106,PHI,NL,105,n,PHI13,,
20260725,0,Saturday,CLE,AL,107,TBA,AL,105,n,STP01,,
20260725,0,Saturday,CHN,NL,105,PIT,NL,105,n,PIT08,,
20260725,0,Saturday,ATL,NL,106,BAL,AL,105,n,BAL12,,
20260725,0,Saturday,HOU,AL,106,CHA,AL,104,n,CHI12,,
20260725,0,Saturday,COL,NL,106,MIL,NL,104,n,MIL06,,
20260725,0,Saturday,ATH,AL,104,MIN,AL,106,n,MIN04,,
20260725,0,Saturday,LAN,NL,105,NYN,NL,105,n,NYC20,,
20260725,0,Saturday,CIN,NL,104,SLN,NL,105,n,STL10,,
20260725,0,Saturday,SEA,AL,105,TEX,AL,104,n,ARL03,,
20260726,0,Sunday,CLE,AL,108,TBA,AL,106,d,STP01,,
20260726,0,Sunday,ATL,NL,107,BAL,AL,106,d,BAL12,,
20260726,0,Sunday,TOR,AL,107,BOS,AL,105,d,BOS07,,
20260726,0,Sunday,CHN,NL,106,PIT,NL,106,d,PIT08,,
20260726,0,Sunday,ARI,NL,106,WAS,NL,106,d,WAS11,,
20260726,0,Sunday,KCA,AL,107,DET,AL,107,d,DET05,,
20260726,0,Sunday,SDN,NL,106,MIA,NL,106,d,MIA02,,
20260726,0,Sunday,LAN,NL,106,NYN,NL,106,d,NYC20,,
20260726,0,Sunday,HOU,AL,107,CHA,AL,105,d,CHI12,,
20260726,0,Sunday,COL,NL,107,MIL,NL,105,d,MIL06,,
20260726,0,Sunday,ATH,AL,105,MIN,AL,107,d,MIN04,,
20260726,0,Sunday,CIN,NL,105,SLN,NL,106,d,STL10,,
20260726,0,Sunday,SEA,AL,106,TEX,AL,105,d,ARL03,,
20260726,0,Sunday,ANA,AL,106,SFN,NL,106,d,SFO03,,
20260726,0,Sunday,NYA,AL,107,PHI,NL,106,n,PHI13,,
20260727,0,Monday,SEA,AL,107,TEX,AL,106,d,ARL03,,
20260727,0,Monday,BAL,AL,107,DET,AL,108,n,DET05,,
20260727,0,Monday,PHI,NL,107,MIA,NL,107,n,MIA02,,
20260727,0,Monday,ARI,NL,107,PIT,NL,107,n,PIT08,,
20260727,0,Monday,TOR,AL,108,WAS,NL,107,n,WAS11,,
20260727,0,Monday,CLE,AL,109,CIN,NL,106,n,CIN09,,
20260727,0,Monday,ATL,NL,108,NYN,NL,107,n,NYC20,,
20260727,0,Monday,NYA,AL,108,CHA,AL,106,n,CHI12,,
20260727,0,Monday,CHN,NL,107,SLN,NL,107,n,STL10,,
20260727,0,Monday,HOU,AL,108,ANA,AL,107,n,ANA01,,
20260727,0,Monday,BOS,AL,106,ATH,AL,106,n,SAC01,,
20260727,0,Monday,MIL,NL,106,SFN,NL,107,n,SFO03,,
20260728,0,Tuesday,BAL,AL,108,DET,AL,109,n,DET05,,
20260728,0,Tuesday,PHI,NL,108,MIA,NL,108,n,MIA02,,
20260728,0,Tuesday,ARI,NL,108,PIT,NL,108,n,PIT08,,
20260728,0,Tuesday,TEX,AL,107,TBA,AL,107,n,STP01,,
20260728,0,Tuesday,TOR,AL,109,WAS,NL,108,n,WAS11,,
20260728,0,Tuesday,CLE,AL,110,CIN,NL,107,n,CIN09,,
20260728,0,Tuesday,ATL,NL,109,NYN,NL,108,n,NYC20,,
20260728,0,Tuesday,NYA,AL,109,CHA,AL,107,n,CHI12,,
20260728,0,Tuesday,KCA,AL,108,MIN,AL,108,n,MIN04,,
20260728,0,Tuesday,CHN,NL,108,SLN,NL,108,n,STL10,,
20260728,0,Tuesday,HOU,AL,109,ANA,AL,108,n,ANA01,,
20260728,0,Tuesday,BOS,AL,107,ATH,AL,107,n,SAC01,,
20260728,0,Tuesday,COL,NL,108,SDN,NL,107,n,SAN02,,
20260728,0,Tuesday,MIL,NL,107,SFN,NL,108,n,SFO03,,
20260728,0,Tuesday,SEA,AL,108,LAN,NL,107,n,LOS03,,
20260729,0,Wednesday,PHI,NL,109,MIA,NL,109,d,MIA02,,
20260729,0,Wednesday,ARI,NL,109,PIT,NL,109,d,PIT08,,
20260729,0,Wednesday,TOR,AL,110,WAS,NL,109,d,WAS11,,
20260729,0,Wednesday,BAL,AL,109,DET,AL,110,d,DET05,,
20260729,0,Wednesday,ATL,NL,110,NYN,NL,109,d,NYC20,,
20260729,0,Wednesday,MIL,NL,108,SFN,NL,109,d,SFO03,,
20260729,0,Wednesday,COL,NL,109,SDN,NL,108,d,SAN02,,
20260729,0,Wednesday,TEX,AL,108,TBA,AL,108,n,STP01,,
20260729,0,Wednesday,CLE,AL,111,CIN,NL,108,n,CIN09,,
20260729,0,Wednesday,NYA,AL,110,CHA,AL,108,n,CHI12,,
20260729,0,Wednesday,KCA,AL,109,MIN,AL,109,n,MIN04,,
20260729,0,Wednesday,CHN,NL,109,SLN,NL,109,n,STL10,,
20260729,0,Wednesday,HOU,AL,110,ANA,AL,109,n,ANA01,,
20260729,0,Wednesday,BOS,AL,108,ATH,AL,108,n,SAC01,,
20260729,0,Wednesday,SEA,AL,109,LAN,NL,108,n,LOS03,,
20260730,0,Thursday,TEX,AL,109,TBA,AL,109,d,STP01,,
20260730,0,Thursday,KCA,AL,110,MIN,AL,110,d,MIN04,,
20260730,0,Thursday,NYA,AL,111,CHA,AL,109,d,CHI12,,
20260730,0,Thursday,CHN,NL,110,SLN,NL,110,d,STL10,,
20260730,0,Thursday,PIT,NL,110,CIN,NL,109,n,CIN09,,
20260730,0,Thursday,MIA,NL,110,NYN,NL,110,n,NYC20,,
20260730,0,Thursday,WAS,NL,110,ATL,NL,111,n,ATL03,,
20260730,0,Thursday,BOS,AL,109,ATH,AL,109,n,SAC01,,
20260730,0,Thursday,SFN,NL,110,SDN,NL,109,n,SAN02,,
20260730,0,Thursday,SEA,AL,110,LAN,NL,109,n,LOS03,,
20260731,0,Friday,NYA,AL,112,CHN,NL,111,d,CHI11,,
20260731,0,Friday,PIT,NL,111,CIN,NL,110,n,CIN09,,
20260731,0,Friday,PHI,NL,110,BAL,AL,110,n,BAL12,,
20260731,0,Friday,SLN,NL,111,TOR,AL,111,n,TOR02,,
20260731,0,Friday,ARI,NL,110,CLE,AL,112,n,CLE08,,
20260731,0,Friday,MIA,NL,111,NYN,NL,111,n,NYC20,,
20260731,0,Friday,CHA,AL,110,TBA,AL,110,n,STP01,,
20260731,0,Friday,WAS,NL,111,ATL,NL,112,n,ATL03,,
20260731,0,Friday,TEX,AL,110,HOU,AL,111,n,HOU03,,
20260731,0,Friday,KCA,AL,111,COL,NL,110,n,DEN02,,
20260731,0,Friday,MIL,NL,109,ANA,AL,110,n,ANA01,,
20260731,0,Friday,DET,AL,111,ATH,AL,110,n,SAC01,,
20260731,0,Friday,SFN,NL,111,SDN,NL,110,n,SAN02,,
20260731,0,Friday,BOS,AL,110,LAN,NL,110,n,LOS03,,
20260731,0,Friday,MIN,AL,111,SEA,AL,111,n,SEA03,,
20260801,0,Saturday,SLN,NL,112,TOR,AL,112,d,TOR02,,
20260801,0,Saturday,MIA,NL,112,NYN,NL,112,d,NYC20,,
20260801,0,Saturday,MIN,AL,112,SEA,AL,112,d,SEA03,,
20260801,0,Saturday,CHA,AL,111,TBA,AL,111,d,STP01,,
20260801,0,Saturday,PIT,NL,112,CIN,NL,111,n,CIN09,,
20260801,0,Saturday,PHI,NL,111,BAL,AL,111,n,BAL12,,
20260801,0,Saturday,TEX,AL,111,HOU,AL,112,n,HOU03,,
20260801,0,Saturday,WAS,NL,112,ATL,NL,113,n,ATL03,,
20260801,0,Saturday,NYA,AL,113,CHN,NL,112,n,CHI11,,
20260801,0,Saturday,ARI,NL,111,CLE,AL,113,n,CLE08,,
20260801,0,Saturday,KCA,AL,112,COL,NL,111,n,DEN02,,
20260801,0,Saturday,SFN,NL,112,SDN,NL,111,d,SAN02,,
20260801,0,Saturday,BOS,AL,111,LAN,NL,111,n,LOS03,,
20260801,0,Saturday,MIL,NL,110,ANA,AL,111,n,ANA01,,
20260801,0,Saturday,DET,AL,112,ATH,AL,111,n,SAC01,,
20260802,0,Sunday,WAS,NL,113,ATL,NL,114,d,ATL03,,
20260802,0,Sunday,PHI,NL,112,BAL,AL,112,d,BAL12,,
20260802,0,Sunday,SLN,NL,113,TOR,AL,113,d,TOR02,,
20260802,0,Sunday,PIT,NL,113,CIN,NL,112,d,CIN09,,
20260802,0,Sunday,ARI,NL,112,CLE,AL,114,d,CLE08,,
20260802,0,Sunday,MIA,NL,113,NYN,NL,113,d,NYC20,,
20260802,0,Sunday,CHA,AL,112,TBA,AL,112,d,STP01,,
20260802,0,Sunday,TEX,AL,112,HOU,AL,113,d,HOU03,,
20260802,0,Sunday,NYA,AL,114,CHN,NL,113,d,CHI11,,
20260802,0,Sunday,KCA,AL,113,COL,NL,112,d,DEN02,,
20260802,0,Sunday,MIL,NL,111,ANA,AL,112,d,ANA01,,
20260802,0,Sunday,DET,AL,113,ATH,AL,112,d,SAC01,,
20260802,0,Sunday,SFN,NL,113,SDN,NL,112,d,SAN02,,
20260802,0,Sunday,MIN,AL,113,SEA,AL,113,d,SEA03,,
20260802,0,Sunday,BOS,AL,112,LAN,NL,112,d,LOS03,,
20260803,0,Monday,WAS,NL,114,PHI,NL,113,n,PHI13,,
20260803,0,Monday,SLN,NL,114,NYA,AL,115,n,NYC21,,
20260803,0,Monday,PIT,NL,114,MIL,NL,112,n,MIL06,,
20260803,0,Monday,LAN,NL,113,CHN,NL,114,n,CHI11,,
20260803,0,Monday,SFN,NL,114,TEX,AL,113,n,ARL03,,
20260803,0,Monday,TOR,AL,114,HOU,AL,114,n,HOU03,,
20260803,0,Monday,TBA,AL,113,COL,NL,113,n,DEN02,,
20260803,0,Monday,SDN,NL,113,ARI,NL,113,n,PHO01,,
20260804,0,Tuesday,ANA,AL,113,BAL,AL,113,n,BAL12,,
20260804,0,Tuesday,ATH,AL,113,CIN,NL,113,n,CIN09,,
20260804,0,Tuesday,NYN,NL,114,CLE,AL,115,n,CLE08,,
20260804,0,Tuesday,WAS,NL,115,PHI,NL,114,n,PHI13,,
20260804,0,Tuesday,SLN,NL,115,NYA,AL,116,n,NYC21,,
20260804,0,Tuesday,CHA,AL,113,BOS,AL,113,n,BOS07,,
20260804,0,Tuesday,MIA,NL,114,ATL,NL,115,n,ATL03,,
20260804,0,Tuesday,MIN,AL,114,KCA,AL,114,n,KAN06,,
20260804,0,Tuesday,PIT,NL,115,MIL,NL,113,n,MIL06,,
20260804,0,Tuesday,LAN,NL,114,CHN,NL,115,n,CHI11,,
20260804,0,Tuesday,SFN,NL,115,TEX,AL,114,n,ARL03,,
20260804,0,Tuesday,TOR,AL,115,HOU,AL,115,n,HOU03,,
20260804,0,Tuesday,TBA,AL,114,COL,NL,114,n,DEN02,,
20260804,0,Tuesday,SDN,NL,114,ARI,NL,114,n,PHO01,,
20260804,0,Tuesday,DET,AL,114,SEA,AL,114,n,SEA03,,
20260805,0,Wednesday,TOR,AL,116,HOU,AL,116,d,HOU03,,
20260805,0,Wednesday,LAN,NL,115,CHN,NL,116,d,CHI11,,
20260805,0,Wednesday,SFN,NL,116,TEX,AL,115,d,ARL03,,
20260805,0,Wednesday,TBA,AL,115,COL,NL,115,d,DEN02,,
20260805,0,Wednesday,ANA,AL,114,BAL,AL,114,n,BAL12,,
20260805,0,Wednesday,ATH,AL,114,CIN,NL,114,n,CIN09,,
20260805,0,Wednesday,NYN,NL,115,CLE,AL,116,n,CLE08,,
20260805,0,Wednesday,WAS,NL,116,PHI,NL,115,n,PHI13,,
20260805,0,Wednesday,SLN,NL,116,NYA,AL,117,n,NYC21,,
20260805,0,Wednesday,CHA,AL,114,BOS,AL,114,n,BOS07,,
20260805,0,Wednesday,MIA,NL,115,ATL,NL,116,n,ATL03,,
20260805,0,Wednesday,MIN,AL,115,KCA,AL,115,n,KAN06,,
20260805,0,Wednesday,PIT,NL,116,MIL,NL,114,n,MIL06,,
20260805,0,Wednesday,SDN,NL,115,ARI,NL,115,n,PHO01,,
20260805,0,Wednesday,DET,AL,115,SEA,AL,115,n,SEA03,,
20260806,0,Thursday,ANA,AL,115,BAL,AL,115,d,BAL12,,
20260806,0,Thursday,ATH,AL,115,CIN,NL,115,d,CIN09,,
20260806,0,Thursday,NYN,NL,116,CLE,AL,117,d,CLE08,,
20260806,0,Thursday,PIT,NL,117,MIL,NL,115,d,MIL06,,
20260806,0,Thursday,DET,AL,116,SEA,AL,116,d,SEA03,,
20260806,0,Thursday,WAS,NL,117,PHI,NL,116,n,PHI13,,
20260806,0,Thursday,CHA,AL,115,BOS,AL,115,n,BOS07,,
20260806,0,Thursday,MIA,NL,116,ATL,NL,117,n,ATL03,,
20260806,0,Thursday,MIN,AL,116,KCA,AL,116,n,KAN06,,
20260806,0,Thursday,SDN,NL,116,ARI,NL,116,n,PHO01,,
20260807,0,Friday,TOR,AL,117,PHI,NL,117,n,PHI13,,
20260807,0,Friday,NYN,NL,117,PIT,NL,118,n,PIT08,,
20260807,0,Friday,CIN,NL,116,WAS,NL,118,n,WAS11,,
20260807,0,Friday,ATL,NL,118,NYA,AL,118,n,NYC21,,
20260807,0,Friday,ATH,AL,116,BOS,AL,116,n,BOS07,,
20260807,0,Friday,ANA,AL,116,MIA,NL,117,n,MIA02,,
20260807,0,Friday,CLE,AL,118,CHA,AL,116,n,CHI12,,
20260807,0,Friday,MIN,AL,117,MIL,NL,116,n,MIL06,,
20260807,0,Friday,BAL,AL,116,TEX,AL,116,n,ARL03,,
20260807,0,Friday,CHN,NL,117,KCA,AL,117,n,KAN06,,
20260807,0,Friday,COL,NL,116,SLN,NL,117,n,STL10,,
20260807,0,Friday,LAN,NL,116,ARI,NL,117,n,PHO01,,
20260807,0,Friday,HOU,AL,117,SDN,NL,117,n,SAN02,,
20260807,0,Friday,TBA,AL,116,SEA,AL,117,n,SEA03,,
20260807,0,Friday,DET,AL,117,SFN,NL,117,n,SFO03,,
20260808,0,Saturday,ATL,NL,119,NYA,AL,119,d,NYC21,,
20260808,0,Saturday,ATH,AL,117,BOS,AL,117,d,BOS07,,
20260808,0,Saturday,ANA,AL,117,MIA,NL,118,d,MIA02,,
20260808,0,Saturday,TOR,AL,118,PHI,NL,118,n,PHI13,,
20260808,0,Saturday,NYN,NL,118,PIT,NL,119,n,PIT08,,
20260808,0,Saturday,CIN,NL,117,WAS,NL,119,n,WAS11,,
20260808,0,Saturday,CLE,AL,119,CHA,AL,117,n,CHI12,,
20260808,0,Saturday,CHN,NL,118,KCA,AL,118,n,KAN06,,
20260808,0,Saturday,MIN,AL,118,MIL,NL,117,n,MIL06,,
20260808,0,Saturday,HOU,AL,118,SDN,NL,118,d,SAN02,,
20260808,0,Saturday,DET,AL,118,SFN,NL,118,d,SFO03,,
20260808,0,Saturday,COL,NL,117,SLN,NL,118,n,STL10,,
20260808,0,Saturday,BAL,AL,117,TEX,AL,117,n,ARL03,,
20260808,0,Saturday,LAN,NL,117,ARI,NL,118,d,PHO01,,
20260808,0,Saturday,TBA,AL,117,SEA,AL,118,n,SEA03,,
20260809,0,Sunday,CIN,NL,118,WAS,NL,120,d,WAS11,,
20260809,0,Sunday,ATH,AL,118,BOS,AL,118,d,BOS07,,
20260809,0,Sunday,ATL,NL,120,NYA,AL,120,d,NYC21,,
20260809,0,Sunday,TOR,AL,119,PHI,NL,119,d,PHI13,,
20260809,0,Sunday,NYN,NL,119,PIT,NL,120,d,PIT08,,
20260809,0,Sunday,ANA,AL,118,MIA,NL,119,d,MIA02,,
20260809,0,Sunday,CLE,AL,120,CHA,AL,118,d,CHI12,,
20260809,0,Sunday,CHN,NL,119,KCA,AL,119,d,KAN06,,
20260809,0,Sunday,MIN,AL,119,MIL,NL,118,d,MIL06,,
20260809,0,Sunday,COL,NL,118,SLN,NL,119,d,STL10,,
20260809,0,Sunday,BAL,AL,118,TEX,AL,118,d,ARL03,,
20260809,0,Sunday,DET,AL,119,SFN,NL,119,d,SFO03,,
20260809,0,Sunday,LAN,NL,118,ARI,NL,119,d,PHO01,,
20260809,0,Sunday,TBA,AL,118,SEA,AL,119,d,SEA03,,
20260809,0,Sunday,HOU,AL,119,SDN,NL,119,d,SAN02,,
20260810,0,Monday,BOS,AL,119,TOR,AL,120,n,TOR02,,
20260810,0,Monday,NYN,NL,120,ATL,NL,121,n,ATL03,,
20260810,0,Monday,BAL,AL,119,MIN,AL,120,n,MIN04,,
20260810,0,Monday,PHI,NL,120,SLN,NL,120,n,STL10,,
20260810,0,Monday,TEX,AL,119,ANA,AL,119,n,ANA01,,
20260810,0,Monday,COL,NL,119,ARI,NL,120,n,PHO01,,
20260810,0,Monday,TBA,AL,119,ATH,AL,119,n,SAC01,,
20260810,0,Monday,MIL,NL,119,SDN,NL,120,n,SAN02,,
20260810,0,Monday,HOU,AL,120,SFN,NL,120,n,SFO03,,
20260810,0,Monday,KCA,AL,120,LAN,NL,119,n,LOS03,,
20260811,0,Tuesday,CLE,AL,121,DET,AL,120,n,DET05,,
20260811,0,Tuesday,PIT,NL,121,MIA,NL,120,n,MIA02,,
20260811,0,Tuesday,CHN,NL,120,WAS,NL,121,n,WAS11,,
20260811,0,Tuesday,SEA,AL,120,NYA,AL,121,n,NYC21,,
20260811,0,Tuesday,BOS,AL,120,TOR,AL,121,n,TOR02,,
20260811,0,Tuesday,NYN,NL,121,ATL,NL,122,n,ATL03,,
20260811,0,Tuesday,CIN,NL,119,CHA,AL,119,n,CHI12,,
20260811,0,Tuesday,BAL,AL,120,MIN,AL,121,n,MIN04,,
20260811,0,Tuesday,PHI,NL,121,SLN,NL,121,n,STL10,,
20260811,0,Tuesday,TEX,AL,120,ANA,AL,120,n,ANA01,,
20260811,0,Tuesday,COL,NL,120,ARI,NL,121,n,PHO01,,
20260811,0,Tuesday,TBA,AL,120,ATH,AL,120,n,SAC01,,
20260811,0,Tuesday,MIL,NL,120,SDN,NL,121,n,SAN02,,
20260811,0,Tuesday,HOU,AL,121,SFN,NL,121,n,SFO03,,
20260811,0,Tuesday,KCA,AL,121,LAN,NL,120,n,LOS03,,
20260812,0,Wednesday,BAL,AL,121,MIN,AL,122,d,MIN04,,
20260812,0,Wednesday,PHI,NL,122,SLN,NL,122,d,STL10,,
20260812,0,Wednesday,TBA,AL,121,ATH,AL,121,d,SAC01,,
20260812,0,Wednesday,COL,NL,121,ARI,NL,122,d,PHO01,,
20260812,0,Wednesday,HOU,AL,122,SFN,NL,122,d,SFO03,,
20260812,0,Wednesday,MIL,NL,121,SDN,NL,122,d,SAN02,,
20260812,0,Wednesday,CLE,AL,122,DET,AL,121,n,DET05,,
20260812,0,Wednesday,PIT,NL,122,MIA,NL,121,n,MIA02,,
20260812,0,Wednesday,CHN,NL,121,WAS,NL,122,n,WAS11,,
20260812,0,Wednesday,SEA,AL,121,NYA,AL,122,n,NYC21,,
20260812,0,Wednesday,BOS,AL,121,TOR,AL,122,n,TOR02,,
20260812,0,Wednesday,NYN,NL,122,ATL,NL,123,n,ATL03,,
20260812,0,Wednesday,CIN,NL,120,CHA,AL,120,n,CHI12,,
20260812,0,Wednesday,TEX,AL,121,ANA,AL,121,n,ANA01,,
20260812,0,Wednesday,KCA,AL,122,LAN,NL,121,n,LOS03,,
20260813,0,Thursday,CLE,AL,123,DET,AL,122,d,DET05,,
20260813,0,Thursday,PIT,NL,123,MIA,NL,122,d,MIA02,,
20260813,0,Thursday,SEA,AL,122,NYA,AL,123,d,NYC21,,
20260813,0,Thursday,CIN,NL,121,CHA,AL,121,d,CHI12,,
20260813,0,Thursday,BOS,AL,122,TOR,AL,123,d,TOR02,,
20260813,0,Thursday,CHN,NL,122,WAS,NL,123,d,WAS11,,
20260813,0,Thursday,PHI,NL,123,MIN,AL,123,n,DYE01,,
20260813,0,Thursday,TEX,AL,122,ANA,AL,122,n,ANA01,,
20260813,0,Thursday,MIL,NL,122,LAN,NL,122,n,LOS03,,
20260814,0,Friday,SLN,NL,123,CHN,NL,123,d,CHI11,,
20260814,0,Friday,MIA,NL,123,CIN,NL,122,n,CIN09,,
20260814,0,Friday,CHA,AL,122,DET,AL,123,n,DET05,,
20260814,0,Friday,BOS,AL,123,PIT,NL,124,n,PIT08,,
20260814,0,Friday,NYA,AL,124,TOR,AL,124,n,TOR02,,
20260814,0,Friday,SDN,NL,123,CLE,AL,124,n,CLE08,,
20260814,0,Friday,WAS,NL,124,NYN,NL,123,n,NYC20,,
20260814,0,Friday,BAL,AL,122,TBA,AL,122,n,STP01,,
20260814,0,Friday,ARI,NL,123,ATL,NL,124,n,ATL03,,
20260814,0,Friday,SEA,AL,123,HOU,AL,123,n,HOU03,,
20260814,0,Friday,KCA,AL,123,ANA,AL,123,n,ANA01,,
20260814,0,Friday,TEX,AL,123,ATH,AL,122,n,SAC01,,
20260814,0,Friday,MIL,NL,123,LAN,NL,123,n,LOS03,,
20260814,0,Friday,COL,NL,122,SFN,NL,123,n,SFO03,,
20260815,0,Saturday,CHA,AL,123,DET,AL,124,d,DET05,,
20260815,0,Saturday,SLN,NL,124,CHN,NL,124,d,CHI11,,
20260815,0,Saturday,NYA,AL,125,TOR,AL,125,d,TOR02,,
20260815,0,Saturday,COL,NL,123,SFN,NL,124,d,SFO03,,
20260815,0,Saturday,WAS,NL,125,NYN,NL,124,d,NYC20,,
20260815,0,Saturday,BAL,AL,123,TBA,AL,123,n,STP01,,
20260815,0,Saturday,MIA,NL,124,CIN,NL,123,n,CIN09,,
20260815,0,Saturday,BOS,AL,124,PIT,NL,125,n,PIT08,,
20260815,0,Saturday,SDN,NL,124,CLE,AL,125,n,CLE08,,
20260815,0,Saturday,SEA,AL,124,HOU,AL,124,n,HOU03,,
20260815,0,Saturday,PHI,NL,124,MIN,AL,124,n,MIN04,,
20260815,0,Saturday,ARI,NL,124,ATL,NL,125,n,ATL03,,
20260815,0,Saturday,MIL,NL,124,LAN,NL,124,d,LOS03,,
20260815,0,Saturday,KCA,AL,124,ANA,AL,124,n,ANA01,,
20260815,0,Saturday,TEX,AL,124,ATH,AL,123,n,SAC01,,
20260816,0,Sunday,BAL,AL,124,TBA,AL,124,d,STP01,,
20260816,0,Sunday,ARI,NL,125,ATL,NL,126,d,ATL03,,
20260816,0,Sunday,BOS,AL,125,PIT,NL,126,d,PIT08,,
20260816,0,Sunday,NYA,AL,126,TOR,AL,126,d,TOR02,,
20260816,0,Sunday,MIA,NL,125,CIN,NL,124,d,CIN09,,
20260816,0,Sunday,SDN,NL,125,CLE,AL,126,d,CLE08,,
20260816,0,Sunday,CHA,AL,124,DET,AL,125,d,DET05,,
20260816,0,Sunday,WAS,NL,126,NYN,NL,125,d,NYC20,,
20260816,0,Sunday,PHI,NL,125,MIN,AL,125,d,MIN04,,
20260816,0,Sunday,SLN,NL,125,CHN,NL,125,d,CHI11,,
20260816,0,Sunday,TEX,AL,125,ATH,AL,124,d,SAC01,,
20260816,0,Sunday,COL,NL,124,SFN,NL,125,d,SFO03,,
20260816,0,Sunday,KCA,AL,125,ANA,AL,125,d,ANA01,,
20260816,0,Sunday,MIL,NL,125,LAN,NL,125,d,LOS03,,
20260816,0,Sunday,SEA,AL,125,HOU,AL,125,n,HOU03,,
20260817,0,Monday,SLN,NL,126,CIN,NL,125,n,CIN09,,
20260817,0,Monday,MIA,NL,126,PHI,NL,126,n,PHI13,,
20260817,0,Monday,BAL,AL,125,TBA,AL,125,n,STP01,,
20260817,0,Monday,DET,AL,126,PIT,NL,127,n,PIT08,,
20260817,0,Monday,ARI,NL,126,BOS,AL,126,n,BOS07,,
20260817,0,Monday,SDN,NL,126,NYN,NL,126,n,NYC20,,
20260817,0,Monday,ATH,AL,125,KCA,AL,126,n,KAN06,,
20260817,0,Monday,ATL,NL,127,MIN,AL,126,n,MIN04,,
20260817,0,Monday,CHA,AL,125,CHN,NL,126,n,CHI11,,
20260817,0,Monday,LAN,NL,126,COL,NL,125,n,DEN02,,
20260818,0,Tuesday,NYA,AL,127,BAL,AL,126,n,BAL12,,
20260818,0,Tuesday,SLN,NL,127,CIN,NL,126,n,CIN09,,
20260818,0,Tuesday,SFN,NL,126,CLE,AL,127,n,CLE08,,
20260818,0,Tuesday,MIA,NL,127,PHI,NL,127,n,PHI13,,
20260818,0,Tuesday,DET,AL,127,PIT,NL,128,n,PIT08,,
20260818,0,Tuesday,TOR,AL,127,TBA,AL,126,n,STP01,,
20260818,0,Tuesday,ARI,NL,127,BOS,AL,127,n,BOS07,,
20260818,0,Tuesday,SDN,NL,127,NYN,NL,127,n,NYC20,,
20260818,0,Tuesday,ATH,AL,126,KCA,AL,127,n,KAN06,,
20260818,0,Tuesday,SEA,AL,126,MIL,NL,126,n,MIL06,,
20260818,0,Tuesday,ATL,NL,128,MIN,AL,127,n,MIN04,,
20260818,0,Tuesday,CHA,AL,126,CHN,NL,127,n,CHI11,,
20260818,0,Tuesday,WAS,NL,127,TEX,AL,126,n,ARL03,,
20260818,0,Tuesday,ANA,AL,126,HOU,AL,126,n,HOU03,,
20260818,0,Tuesday,LAN,NL,127,COL,NL,126,n,DEN02,,
20260819,0,Wednesday,DET,AL,128,PIT,NL,129,d,PIT08,,
20260819,0,Wednesday,SDN,NL,128,NYN,NL,128,d,NYC20,,
20260819,0,Wednesday,ATL,NL,129,MIN,AL,128,d,MIN04,,
20260819,0,Wednesday,CHA,AL,127,CHN,NL,128,d,CHI11,,
20260819,0,Wednesday,ARI,NL,128,BOS,AL,128,d,BOS07,,
20260819,0,Wednesday,MIA,NL,128,PHI,NL,128,n,PHI13,,
20260819,0,Wednesday,NYA,AL,128,BAL,AL,127,n,BAL12,,
20260819,0,Wednesday,SLN,NL,128,CIN,NL,127,n,CIN09,,
20260819,0,Wednesday,SFN,NL,127,CLE,AL,128,n,CLE08,,
20260819,0,Wednesday,TOR,AL,128,TBA,AL,127,n,STP01,,
20260819,0,Wednesday,ATH,AL,127,KCA,AL,128,n,KAN06,,
20260819,0,Wednesday,SEA,AL,127,MIL,NL,127,n,MIL06,,
20260819,0,Wednesday,WAS,NL,128,TEX,AL,127,n,ARL03,,
20260819,0,Wednesday,ANA,AL,127,HOU,AL,127,n,HOU03,,
20260819,0,Wednesday,LAN,NL,128,COL,NL,127,n,DEN02,,
20260820,0,Thursday,SLN,NL,129,CIN,NL,128,d,CIN09,,
20260820,0,Thursday,SFN,NL,128,CLE,AL,129,d,CLE08,,
20260820,0,Thursday,TOR,AL,129,TBA,AL,128,d,STP01,,
20260820,0,Thursday,ATH,AL,128,KCA,AL,129,d,KAN06,,
20260820,0,Thursday,SEA,AL,128,MIL,NL,128,d,MIL06,,
20260820,0,Thursday,NYA,AL,129,BAL,AL,128,n,BAL12,,
20260820,0,Thursday,WAS,NL,129,TEX,AL,128,n,ARL03,,
20260820,0,Thursday,ANA,AL,128,HOU,AL,128,n,HOU03,,
20260821,0,Friday,ATL,NL,130,MIL,NL,129,d,MIL06,,
20260821,0,Friday,SLN,NL,130,PHI,NL,129,n,PHI13,,
20260821,0,Friday,TBA,AL,129,BAL,AL,129,n,BAL12,,
20260821,0,Friday,TOR,AL,130,NYA,AL,130,n,NYC21,,
20260821,0,Friday,SFN,NL,129,BOS,AL,129,n,BOS07,,
20260821,0,Friday,WAS,NL,130,MIA,NL,129,n,MIA02,,
20260821,0,Friday,NYN,NL,129,CHA,AL,128,n,CHI12,,
20260821,0,Friday,ANA,AL,129,TEX,AL,129,n,ARL03,,
20260821,0,Friday,ATH,AL,129,HOU,AL,129,n,HOU03,,
20260821,0,Friday,DET,AL,129,KCA,AL,130,n,KAN06,,
20260821,0,Friday,CLE,AL,130,COL,NL,128,n,DEN02,,
20260821,0,Friday,CIN,NL,129,ARI,NL,129,n,PHO01,,
20260821,0,Friday,MIN,AL,129,SDN,NL,129,n,SAN02,,
20260821,0,Friday,PIT,NL,130,LAN,NL,129,n,LOS03,,
20260821,0,Friday,CHN,NL,129,SEA,AL,129,n,SEA03,,
20260822,0,Saturday,TOR,AL,131,NYA,AL,131,d,NYC21,,
20260822,0,Saturday,ATL,NL,131,MIL,NL,130,d,MIL06,,
20260822,0,Saturday,WAS,NL,131,MIA,NL,130,d,MIA02,,
20260822,0,Saturday,SLN,NL,131,PHI,NL,130,n,PHI13,,
20260822,0,Saturday,TBA,AL,130,BAL,AL,130,n,BAL12,,
20260822,0,Saturday,ANA,AL,130,TEX,AL,130,n,ARL03,,
20260822,0,Saturday,NYN,NL,130,CHA,AL,129,n,CHI12,,
20260822,0,Saturday,ATH,AL,130,HOU,AL,130,n,HOU03,,
20260822,0,Saturday,SFN,NL,130,BOS,AL,130,n,BOS07,,
20260822,0,Saturday,DET,AL,130,KCA,AL,131,n,KAN06,,
20260822,0,Saturday,CIN,NL,130,ARI,NL,130,d,PHO01,,
20260822,0,Saturday,CLE,AL,131,COL,NL,129,n,DEN02,,
20260822,0,Saturday,MIN,AL,130,SDN,NL,130,d,SAN02,,
20260822,0,Saturday,PIT,NL,131,LAN,NL,130,n,LOS03,,
20260822,0,Saturday,CHN,NL,130,SEA,AL,130,n,SEA03,,
20260823,0,Sunday,TBA,AL,131,BAL,AL,131,d,BAL12,,
20260823,0,Sunday,TOR,AL,132,NYA,AL,132,d,NYC21,,
20260823,0,Sunday,SLN,NL,132,PHI,NL,131,d,PHI13,,
20260823,0,Sunday,WAS,NL,132,MIA,NL,131,d,MIA02,,
20260823,0,Sunday,NYN,NL,131,CHA,AL,130,d,CHI12,,
20260823,0,Sunday,ATH,AL,131,HOU,AL,131,d,HOU03,,
20260823,0,Sunday,DET,AL,131,KCA,AL,132,d,KAN06,,
20260823,0,Sunday,ANA,AL,131,TEX,AL,131,d,ARL03,,
20260823,0,Sunday,SFN,NL,131,BOS,AL,131,d,BOS07,,
20260823,0,Sunday,CLE,AL,132,COL,NL,130,d,DEN02,,
20260823,0,Sunday,PIT,NL,132,LAN,NL,131,d,LOS03,,
20260823,0,Sunday,MIN,AL,131,SDN,NL,131,d,SAN02,,
20260823,0,Sunday,CHN,NL,131,SEA,AL,131,d,SEA03,,
20260823,0,Sunday,CIN,NL,131,ARI,NL,131,d,PHO01,,
20260823,0,Sunday,ATL,NL,132,MIL,NL,131,n,WIL02,,
20260824,0,Monday,TBA,AL,132,DET,AL,132,n,DET05,,
20260824,0,Monday,BOS,AL,132,MIA,NL,132,n,MIA02,,
20260824,0,Monday,COL,NL,131,WAS,NL,133,n,WAS11,,
20260824,0,Monday,TEX,AL,132,CHA,AL,131,n,CHI12,,
20260824,0,Monday,CLE,AL,133,ANA,AL,132,n,ANA01,,
20260824,0,Monday,CHN,NL,132,ARI,NL,132,n,PHO01,,
20260824,0,Monday,MIN,AL,132,ATH,AL,132,n,SAC01,,
20260824,0,Monday,PIT,NL,133,SDN,NL,132,n,SAN02,,
20260824,0,Monday,PHI,NL,132,SEA,AL,132,n,SEA03,,
20260824,0,Monday,CIN,NL,132,SFN,NL,132,n,SFO03,,
20260825,0,Tuesday,TBA,AL,133,DET,AL,133,n,DET05,,
20260825,0,Tuesday,BOS,AL,133,MIA,NL,133,n,MIA02,,
20260825,0,Tuesday,COL,NL,132,WAS,NL,134,n,WAS11,,
20260825,0,Tuesday,HOU,AL,132,NYA,AL,133,n,NYC21,,
20260825,0,Tuesday,KCA,AL,133,TOR,AL,133,n,TOR02,,
20260825,0,Tuesday,MIL,NL,132,NYN,NL,132,n,NYC20,,
20260825,0,Tuesday,LAN,NL,132,ATL,NL,133,n,ATL03,,
20260825,0,Tuesday,TEX,AL,133,CHA,AL,132,n,CHI12,,
20260825,0,Tuesday,BAL,AL,132,SLN,NL,133,n,STL10,,
20260825,0,Tuesday,CLE,AL,134,ANA,AL,133,n,ANA01,,
20260825,0,Tuesday,CHN,NL,133,ARI,NL,133,n,PHO01,,
20260825,0,Tuesday,MIN,AL,133,ATH,AL,133,n,SAC01,,
20260825,0,Tuesday,PIT,NL,134,SDN,NL,133,n,SAN02,,
20260825,0,Tuesday,PHI,NL,133,SEA,AL,133,n,SEA03,,
20260825,0,Tuesday,CIN,NL,133,SFN,NL,133,n,SFO03,,
20260826,0,Wednesday,TBA,AL,134,DET,AL,134,d,DET05,,
20260826,0,Wednesday,CHN,NL,134,ARI,NL,134,d,PHO01,,
20260826,0,Wednesday,CIN,NL,134,SFN,NL,134,d,SFO03,,
20260826,0,Wednesday,CLE,AL,135,ANA,AL,134,d,ANA01,,
20260826,0,Wednesday,PIT,NL,135,SDN,NL,134,d,SAN02,,
20260826,0,Wednesday,PHI,NL,134,SEA,AL,134,d,SEA03,,
20260826,0,Wednesday,BOS,AL,134,MIA,NL,134,n,MIA02,,
20260826,0,Wednesday,COL,NL,133,WAS,NL,135,n,WAS11,,
20260826,0,Wednesday,HOU,AL,133,NYA,AL,134,n,NYC21,,
20260826,0,Wednesday,KCA,AL,134,TOR,AL,134,n,TOR02,,
20260826,0,Wednesday,MIL,NL,133,NYN,NL,133,n,NYC20,,
20260826,0,Wednesday,LAN,NL,133,ATL,NL,134,n,ATL03,,
20260826,0,Wednesday,TEX,AL,134,CHA,AL,133,n,CHI12,,
20260826,0,Wednesday,BAL,AL,133,SLN,NL,134,n,STL10,,
20260826,0,Wednesday,MIN,AL,134,ATH,AL,134,n,SAC01,,
20260827,0,Thursday,COL,NL,134,WAS,NL,136,d,WAS11,,
20260827,0,Thursday,BAL,AL,134,SLN,NL,135,d,STL10,,
20260827,0,Thursday,HOU,AL,134,NYA,AL,135,n,NYC21,,
20260827,0,Thursday,KCA,AL,135,TOR,AL,135,n,TOR02,,
20260827,0,Thursday,MIL,NL,134,NYN,NL,134,n,NYC20,,
20260827,0,Thursday,LAN,NL,134,ATL,NL,135,n,ATL03,,
20260827,0,Thursday,ARI,NL,135,SFN,NL,135,n,SFO03,,
20260828,0,Friday,CIN,NL,135,CHN,NL,135,d,CHI11,,
20260828,0,Friday,LAN,NL,135,DET,AL,135,n,DET05,,
20260828,0,Friday,MIA,NL,135,WAS,NL,137,n,WAS11,,
20260828,0,Friday,BOS,AL,135,NYA,AL,136,n,NYC21,,
20260828,0,Friday,SEA,AL,135,TOR,AL,136,n,TOR02,,
20260828,0,Friday,KCA,AL,136,CLE,AL,136,n,CLE08,,
20260828,0,Friday,HOU,AL,135,NYN,NL,135,n,NYC20,,
20260828,0,Friday,SDN,NL,135,TBA,AL,135,n,STP01,,
20260828,0,Friday,COL,NL,135,ATL,NL,136,n,ATL03,,
20260828,0,Friday,TEX,AL,135,MIL,NL,135,n,MIL06,,
20260828,0,Friday,CHA,AL,134,MIN,AL,135,n,MIN04,,
20260828,0,Friday,PIT,NL,136,SLN,NL,136,n,STL10,,
20260828,0,Friday,PHI,NL,135,ANA,AL,135,n,ANA01,,
20260828,0,Friday,BAL,AL,135,ATH,AL,135,n,SAC01,,
20260828,0,Friday,ARI,NL,136,SFN,NL,136,n,SFO03,,
20260829,0,Saturday,LAN,NL,136,DET,AL,136,d,DET05,,
20260829,0,Saturday,CHA,AL,135,MIN,AL,136,d,MIN04,,
20260829,0,Saturday,PIT,NL,137,SLN,NL,137,d,STL10,,
20260829,0,Saturday,CIN,NL,136,CHN,NL,136,d,CHI11,,
20260829,0,Saturday,SEA,AL,136,TOR,AL,137,d,TOR02,,
20260829,0,Saturday,MIA,NL,136,WAS,NL,138,d,WAS11,,
20260829,0,Saturday,COL,NL,136,ATL,NL,137,d,ATL03,,
20260829,0,Saturday,KCA,AL,137,CLE,AL,137,d,CLE08,,
20260829,0,Saturday,HOU,AL,136,NYN,NL,136,d,NYC20,,
20260829,0,Saturday,SDN,NL,136,TBA,AL,136,d,STP01,,
20260829,0,Saturday,TEX,AL,136,MIL,NL,136,n,MIL06,,
20260829,0,Saturday,BOS,AL,136,NYA,AL,137,n,NYC21,,
20260829,0,Saturday,BAL,AL,136,ATH,AL,136,n,SAC01,,
20260829,0,Saturday,ARI,NL,137,SFN,NL,137,n,SFO03,,
20260829,0,Saturday,PHI,NL,136,ANA,AL,136,n,ANA01,,
20260830,0,Sunday,MIA,NL,137,WAS,NL,139,d,WAS11,,
20260830,0,Sunday,COL,NL,137,ATL,NL,138,d,ATL03,,
20260830,0,Sunday,BOS,AL,137,NYA,AL,138,d,NYC21,,
20260830,0,Sunday,SEA,AL,137,TOR,AL,138,d,TOR02,,
20260830,0,Sunday,KCA,AL,138,CLE,AL,138,d,CLE08,,
20260830,0,Sunday,LAN,NL,137,DET,AL,137,d,DET05,,
20260830,0,Sunday,SDN,NL,137,TBA,AL,137,d,STP01,,
20260830,0,Sunday,TEX,AL,137,MIL,NL,137,d,MIL06,,
20260830,0,Sunday,CHA,AL,136,MIN,AL,137,d,MIN04,,
20260830,0,Sunday,PIT,NL,138,SLN,NL,138,d,STL10,,
20260830,0,Sunday,CIN,NL,137,CHN,NL,137,d,CHI11,,
20260830,0,Sunday,BAL,AL,137,ATH,AL,137,d,SAC01,,
20260830,0,Sunday,ARI,NL,138,SFN,NL,138,d,SFO03,,
20260830,0,Sunday,PHI,NL,137,ANA,AL,137,d,ANA01,,
20260830,0,Sunday,HOU,AL,137,NYN,NL,137,n,NYC20,,
20260831,0,Monday,SDN,NL,138,CIN,NL,138,n,CIN09,,
20260831,0,Monday,NYN,NL,138,TBA,AL,138,n,STP01,,
20260831,0,Monday,SEA,AL,138,BOS,AL,138,n,BOS07,,
20260831,0,Monday,MIA,NL,138,WAS,NL,140,n,WAS11,,
20260831,0,Monday,MIL,NL,138,CHN,NL,138,n,CHI11,,
20260831,0,Monday,DET,AL,138,MIN,AL,138,n,MIN04,,
20260831,0,Monday,ATH,AL,138,TEX,AL,138,n,ARL03,,
20260831,0,Monday,CHA,AL,137,HOU,AL,138,n,HOU03,,
20260831,0,Monday,BAL,AL,138,COL,NL,138,n,DEN02,,
20260831,0,Monday,NYA,AL,139,ANA,AL,138,n,ANA01,,
20260831,0,Monday,PHI,NL,138,ARI,NL,139,n,PHO01,,
20260901,0,Tuesday,SDN,NL,139,CIN,NL,139,n,CIN09,,
20260901,0,Tuesday,TOR,AL,139,CLE,AL,139,n,CLE08,,
20260901,0,Tuesday,SFN,NL,139,PIT,NL,139,n,PIT08,,
20260901,0,Tuesday,NYN,NL,139,TBA,AL,139,n,STP01,,
20260901,0,Tuesday,SEA,AL,139,BOS,AL,139,n,BOS07,,
20260901,0,Tuesday,ATL,NL,139,WAS,NL,141,n,WAS11,,
20260901,0,Tuesday,MIL,NL,139,CHN,NL,139,n,CHI11,,
20260901,0,Tuesday,MIA,NL,139,KCA,AL,139,n,KAN06,,
20260901,0,Tuesday,DET,AL,139,MIN,AL,139,n,MIN04,,
20260901,0,Tuesday,ATH,AL,139,TEX,AL,139,n,ARL03,,
20260901,0,Tuesday,CHA,AL,138,HOU,AL,139,n,HOU03,,
20260901,0,Tuesday,BAL,AL,139,COL,NL,139,n,DEN02,,
20260901,0,Tuesday,NYA,AL,140,ANA,AL,139,n,ANA01,,
20260901,0,Tuesday,PHI,NL,139,ARI,NL,140,n,PHO01,,
20260901,0,Tuesday,SLN,NL,139,LAN,NL,138,n,LOS03,,
20260902,0,Wednesday,SDN,NL,140,CIN,NL,140,d,CIN09,,
20260902,0,Wednesday,ATL,NL,140,WAS,NL,142,d,WAS11,,
20260902,0,Wednesday,ATH,AL,140,TEX,AL,140,d,ARL03,,
20260902,0,Wednesday,BAL,AL,140,COL,NL,140,d,DEN02,,
20260902,0,Wednesday,PHI,NL,140,ARI,NL,141,d,PHO01,,
20260902,0,Wednesday,SEA,AL,140,BOS,AL,140,d,BOS07,,
20260902,0,Wednesday,TOR,AL,140,CLE,AL,140,n,CLE08,,
20260902,0,Wednesday,SFN,NL,140,PIT,NL,140,n,PIT08,,
20260902,0,Wednesday,NYN,NL,140,TBA,AL,140,n,STP01,,
20260902,0,Wednesday,MIL,NL,140,CHN,NL,140,n,CHI11,,
20260902,0,Wednesday,MIA,NL,140,KCA,AL,140,n,KAN06,,
20260902,0,Wednesday,DET,AL,140,MIN,AL,140,n,MIN04,,
20260902,0,Wednesday,CHA,AL,139,HOU,AL,140,n,HOU03,,
20260902,0,Wednesday,NYA,AL,141,ANA,AL,140,n,ANA01,,
20260902,0,Wednesday,SLN,NL,140,LAN,NL,139,n,LOS03,,
20260903,0,Thursday,SFN,NL,141,PIT,NL,141,d,PIT08,,
20260903,0,Thursday,TOR,AL,141,CLE,AL,141,d,CLE08,,
20260903,0,Thursday,CHA,AL,140,HOU,AL,141,d,HOU03,,
20260903,0,Thursday,BOS,AL,141,BAL,AL,141,n,BAL12,,
20260903,0,Thursday,MIL,NL,141,CHN,NL,141,n,CHI11,,
20260903,0,Thursday,MIA,NL,141,KCA,AL,141,n,KAN06,,
20260903,0,Thursday,TBA,AL,141,TEX,AL,141,n,ARL03,,
20260903,0,Thursday,ATH,AL,141,SEA,AL,141,n,SEA03,,
20260903,0,Thursday,SLN,NL,141,LAN,NL,140,n,LOS03,,
20260904,0,Friday,MIL,NL,142,CIN,NL,141,n,CIN09,,
20260904,0,Friday,ATL,NL,141,PHI,NL,141,n,PHI13,,
20260904,0,Friday,ANA,AL,141,PIT,NL,142,n,PIT08,,
20260904,0,Friday,BOS,AL,142,BAL,AL,142,n,BAL12,,
20260904,0,Friday,DET,AL,141,CLE,AL,142,n,CLE08,,
20260904,0,Friday,CHN,NL,142,MIA,NL,142,n,MIA02,,
20260904,0,Friday,SFN,NL,142,NYN,NL,141,n,NYC20,,
20260904,0,Friday,MIN,AL,141,CHA,AL,141,n,CHI12,,
20260904,0,Friday,TBA,AL,142,TEX,AL,142,n,ARL03,,
20260904,0,Friday,ARI,NL,142,HOU,AL,142,n,HOU03,,
20260904,0,Friday,TOR,AL,142,KCA,AL,142,n,KAN06,,
20260904,0,Friday,SLN,NL,142,COL,NL,141,n,DEN02,,
20260904,0,Friday,NYA,AL,142,SDN,NL,141,n,SAN02,,
20260904,0,Friday,WAS,NL,143,LAN,NL,141,n,LOS03,,
20260904,0,Friday,ATH,AL,142,SEA,AL,142,n,SEA03,,
20260905,0,Saturday,CHN,NL,143,MIA,NL,143,d,MIA02,,
20260905,0,Saturday,SFN,NL,143,NYN,NL,142,d,NYC20,,
20260905,0,Saturday,ATL,NL,142,PHI,NL,142,n,PHI13,,
20260905,0,Saturday,MIL,NL,143,CIN,NL,142,n,CIN09,,
20260905,0,Saturday,ANA,AL,142,PIT,NL,143,n,PIT08,,
20260905,0,Saturday,TBA,AL,143,TEX,AL,143,n,ARL03,,
20260905,0,Saturday,MIN,AL,142,CHA,AL,142,n,CHI12,,
20260905,0,Saturday,TOR,AL,143,KCA,AL,143,n,KAN06,,
20260905,0,Saturday,BOS,AL,143,BAL,AL,143,n,BAL12,,
20260905,0,Saturday,DET,AL,142,CLE,AL,143,n,CLE08,,
20260905,0,Saturday,ARI,NL,143,HOU,AL,143,n,HOU03,,
20260905,0,Saturday,SLN,NL,143,COL,NL,142,n,DEN02,,
20260905,0,Saturday,NYA,AL,143,SDN,NL,142,d,SAN02,,
20260905,0,Saturday,WAS,NL,144,LAN,NL,142,n,LOS03,,
20260905,0,Saturday,ATH,AL,143,SEA,AL,143,n,SEA03,,
20260906,0,Sunday,MIL,NL,144,CIN,NL,143,d,CIN09,,
20260906,0,Sunday,BOS,AL,144,BAL,AL,144,d,BAL12,,
20260906,0,Sunday,ANA,AL,143,PIT,NL,144,d,PIT08,,
20260906,0,Sunday,DET,AL,143,CLE,AL,144,d,CLE08,,
20260906,0,Sunday,CHN,NL,144,MIA,NL,144,d,MIA02,,
20260906,0,Sunday,SFN,NL,144,NYN,NL,143,d,NYC20,,
20260906,0,Sunday,MIN,AL,143,CHA,AL,143,d,CHI12,,
20260906,0,Sunday,ARI,NL,144,HOU,AL,144,d,HOU03,,
20260906,0,Sunday,TBA,AL,144,TEX,AL,144,d,ARL03,,
20260906,0,Sunday,SLN,NL,144,COL,NL,143,d,DEN02,,
20260906,0,Sunday,ATL,NL,143,PHI,NL,143,d,PHI13,,
20260906,0,Sunday,NYA,AL,144,SDN,NL,143,d,SAN02,,
20260906,0,Sunday,ATH,AL,144,SEA,AL,144,d,SEA03,,
20260906,0,Sunday,TOR,AL,144,KCA,AL,144,n,KAN06,,
20260906,0,Sunday,WAS,NL,145,LAN,NL,143,n,LOS03,,
20260907,0,Monday,ATL,NL,144,PHI,NL,144,d,PHI13,,
20260907,0,Monday,MIN,AL,144,DET,AL,144,d,DET05,,
20260907,0,Monday,NYN,NL,144,MIA,NL,145,d,MIA02,,
20260907,0,Monday,CLE,AL,145,BAL,AL,145,d,BAL12,,
20260907,0,Monday,ANA,AL,144,BOS,AL,145,d,BOS07,,
20260907,0,Monday,ARI,NL,145,KCA,AL,145,d,KAN06,,
20260907,0,Monday,CHN,NL,145,MIL,NL,145,d,MIL06,,
20260907,0,Monday,WAS,NL,146,SDN,NL,144,d,SAN02,,
20260907,0,Monday,SLN,NL,145,SFN,NL,145,d,SFO03,,
20260907,0,Monday,CIN,NL,144,LAN,NL,144,n,LOS03,,
20260907,0,Monday,TOR,AL,145,ATH,AL,145,n,SAC01,,
20260908,0,Tuesday,CLE,AL,146,BAL,AL,146,n,BAL12,,
20260908,0,Tuesday,MIN,AL,145,DET,AL,145,n,DET05,,
20260908,0,Tuesday,NYN,NL,145,MIA,NL,146,n,MIA02,,
20260908,0,Tuesday,HOU,AL,145,PHI,NL,145,n,PHI13,,
20260908,0,Tuesday,ANA,AL,145,BOS,AL,146,n,BOS07,,
20260908,0,Tuesday,COL,NL,144,NYA,AL,145,n,NYC21,,
20260908,0,Tuesday,TBA,AL,145,ATL,NL,145,n,ATL03,,
20260908,0,Tuesday,PIT,NL,145,CHA,AL,144,n,CHI12,,
20260908,0,Tuesday,ARI,NL,146,KCA,AL,146,n,KAN06,,
20260908,0,Tuesday,CHN,NL,146,MIL,NL,146,n,MIL06,,
20260908,0,Tuesday,TOR,AL,146,ATH,AL,146,n,SAC01,,
20260908,0,Tuesday,WAS,NL,147,SDN,NL,145,n,SAN02,,
20260908,0,Tuesday,TEX,AL,145,SEA,AL,145,n,SEA03,,
20260908,0,Tuesday,SLN,NL,146,SFN,NL,146,n,SFO03,,
20260908,0,Tuesday,CIN,NL,145,LAN,NL,145,n,LOS03,,
20260909,0,Wednesday,MIN,AL,146,DET,AL,146,d,DET05,,
20260909,0,Wednesday,TOR,AL,147,ATH,AL,147,d,SAC01,,
20260909,0,Wednesday,SLN,NL,147,SFN,NL,147,d,SFO03,,
20260909,0,Wednesday,WAS,NL,148,SDN,NL,146,d,SAN02,,
20260909,0,Wednesday,CLE,AL,147,BAL,AL,147,n,BAL12,,
20260909,0,Wednesday,NYN,NL,146,MIA,NL,147,n,MIA02,,
20260909,0,Wednesday,HOU,AL,146,PHI,NL,146,n,PHI13,,
20260909,0,Wednesday,ANA,AL,146,BOS,AL,147,n,BOS07,,
20260909,0,Wednesday,COL,NL,145,NYA,AL,146,n,NYC21,,
20260909,0,Wednesday,TBA,AL,146,ATL,NL,146,n,ATL03,,
20260909,0,Wednesday,PIT,NL,146,CHA,AL,145,n,CHI12,,
20260909,0,Wednesday,ARI,NL,147,KCA,AL,147,n,KAN06,,
20260909,0,Wednesday,CHN,NL,147,MIL,NL,147,n,MIL06,,
20260909,0,Wednesday,TEX,AL,146,SEA,AL,146,n,SEA03,,
20260909,0,Wednesday,CIN,NL,146,LAN,NL,146,n,LOS03,,
20260910,0,Thursday,TBA,AL,147,ATL,NL,147,d,ATL03,,
20260910,0,Thursday,HOU,AL,147,PHI,NL,147,d,PHI13,,
20260910,0,Thursday,TEX,AL,147,SEA,AL,147,d,SEA03,,
20260910,0,Thursday,COL,NL,146,NYA,AL,147,n,NYC21,,
20260910,0,Thursday,PIT,NL,147,CHA,AL,146,n,CHI12,,
20260911,0,Friday,PIT,NL,148,CHN,NL,148,d,CHI11,,
20260911,0,Friday,COL,NL,147,DET,AL,147,n,DET05,,
20260911,0,Friday,ANA,AL,147,WAS,NL,149,n,WAS11,,
20260911,0,Friday,NYN,NL,147,NYA,AL,148,n,NYC21,,
20260911,0,Friday,BAL,AL,148,TOR,AL,148,n,TOR02,,
20260911,0,Friday,KCA,AL,148,BOS,AL,148,n,BOS07,,
20260911,0,Friday,LAN,NL,147,MIA,NL,148,n,MIA02,,
20260911,0,Friday,HOU,AL,148,TBA,AL,148,n,STP01,,
20260911,0,Friday,PHI,NL,148,ATL,NL,148,n,ATL03,,
20260911,0,Friday,CIN,NL,147,MIL,NL,148,n,MIL06,,
20260911,0,Friday,CLE,AL,148,MIN,AL,147,n,MIN04,,
20260911,0,Friday,CHA,AL,147,SLN,NL,148,n,STL10,,
20260911,0,Friday,TEX,AL,148,ARI,NL,148,n,PHO01,,
20260911,0,Friday,SEA,AL,148,ATH,AL,148,n,SAC01,,
20260911,0,Friday,SDN,NL,147,SFN,NL,148,n,SFO03,,
20260912,0,Saturday,COL,NL,148,DET,AL,148,d,DET05,,
20260912,0,Saturday,NYN,NL,148,NYA,AL,149,d,NYC21,,
20260912,0,Saturday,PIT,NL,149,CHN,NL,149,d,CHI11,,
20260912,0,Saturday,BAL,AL,149,TOR,AL,149,d,TOR02,,
20260912,0,Saturday,SDN,NL,148,SFN,NL,149,d,SFO03,,
20260912,0,Saturday,ANA,AL,148,WAS,NL,150,d,WAS11,,
20260912,0,Saturday,KCA,AL,149,BOS,AL,149,d,BOS07,,
20260912,0,Saturday,LAN,NL,148,MIA,NL,149,d,MIA02,,
20260912,0,Saturday,CLE,AL,149,MIN,AL,148,d,MIN04,,
20260912,0,Saturday,HOU,AL,149,TBA,AL,149,n,STP01,,
20260912,0,Saturday,CIN,NL,148,MIL,NL,149,n,MIL06,,
20260912,0,Saturday,PHI,NL,149,ATL,NL,149,n,ATL03,,
20260912,0,Saturday,CHA,AL,148,SLN,NL,149,n,STL10,,
20260912,0,Saturday,TEX,AL,149,ARI,NL,149,d,PHO01,,
20260912,0,Saturday,SEA,AL,149,ATH,AL,149,n,SAC01,,
20260913,0,Sunday,PHI,NL,150,ATL,NL,150,d,ATL03,,
20260913,0,Sunday,KCA,AL,150,BOS,AL,150,d,BOS07,,
20260913,0,Sunday,NYN,NL,149,NYA,AL,150,d,NYC21,,
20260913,0,Sunday,ANA,AL,149,WAS,NL,151,d,WAS11,,
20260913,0,Sunday,BAL,AL,150,TOR,AL,150,d,TOR02,,
20260913,0,Sunday,COL,NL,149,DET,AL,149,d,DET05,,
20260913,0,Sunday,LAN,NL,149,MIA,NL,150,d,MIA02,,
20260913,0,Sunday,HOU,AL,150,TBA,AL,150,d,STP01,,
20260913,0,Sunday,CIN,NL,149,MIL,NL,150,d,MIL06,,
20260913,0,Sunday,CLE,AL,150,MIN,AL,149,d,MIN04,,
20260913,0,Sunday,CHA,AL,149,SLN,NL,150,d,STL10,,
20260913,0,Sunday,PIT,NL,150,CHN,NL,150,d,CHI11,,
20260913,0,Sunday,SEA,AL,150,ATH,AL,150,d,SAC01,,
20260913,0,Sunday,TEX,AL,150,ARI,NL,150,d,PHO01,,
20260913,0,Sunday,SDN,NL,149,SFN,NL,150,d,SFO03,,
20260914,0,Monday,LAN,NL,150,CIN,NL,150,n,CIN09,,
20260914,0,Monday,CHA,AL,150,CLE,AL,151,n,CLE08,,
20260914,0,Monday,DET,AL,150,TOR,AL,151,n,TOR02,,
20260914,0,Monday,BAL,AL,151,NYN,NL,150,n,NYC20,,
20260914,0,Monday,ATL,NL,151,CHN,NL,151,n,CHI11,,
20260914,0,Monday,NYA,AL,151,MIN,AL,150,n,MIN04,,
20260914,0,Monday,SFN,NL,151,SLN,NL,151,n,STL10,,
20260914,0,Monday,SDN,NL,150,COL,NL,150,n,DEN02,,
20260914,0,Monday,SEA,AL,151,ANA,AL,150,n,ANA01,,
20260914,0,Monday,MIA,NL,151,ARI,NL,151,n,PHO01,,
20260915,0,Tuesday,LAN,NL,151,CIN,NL,151,n,CIN09,,
20260915,0,Tuesday,CHA,AL,151,CLE,AL,152,n,CLE08,,
20260915,0,Tuesday,MIL,NL,151,PIT,NL,151,n,PIT08,,
20260915,0,Tuesday,ATH,AL,151,TBA,AL,151,n,STP01,,
20260915,0,Tuesday,PHI,NL,151,WAS,NL,152,n,WAS11,,
20260915,0,Tuesday,DET,AL,151,TOR,AL,152,n,TOR02,,
20260915,0,Tuesday,BAL,AL,152,NYN,NL,151,n,NYC20,,
20260915,0,Tuesday,ATL,NL,152,CHN,NL,152,n,CHI11,,
20260915,0,Tuesday,NYA,AL,152,MIN,AL,151,n,MIN04,,
20260915,0,Tuesday,SFN,NL,152,SLN,NL,152,n,STL10,,
20260915,0,Tuesday,BOS,AL,151,TEX,AL,151,n,ARL03,,
20260915,0,Tuesday,KCA,AL,151,HOU,AL,151,n,HOU03,,
20260915,0,Tuesday,SDN,NL,151,COL,NL,151,n,DEN02,,
20260915,0,Tuesday,SEA,AL,152,ANA,AL,151,n,ANA01,,
20260915,0,Tuesday,MIA,NL,152,ARI,NL,152,n,PHO01,,
20260916,0,Wednesday,CHA,AL,152,CLE,AL,153,d,CLE08,,
20260916,0,Wednesday,SFN,NL,153,SLN,NL,153,d,STL10,,
20260916,0,Wednesday,NYA,AL,153,MIN,AL,152,d,MIN04,,
20260916,0,Wednesday,DET,AL,152,TOR,AL,153,d,TOR02,,
20260916,0,Wednesday,LAN,NL,152,CIN,NL,152,n,CIN09,,
20260916,0,Wednesday,MIL,NL,152,PIT,NL,152,n,PIT08,,
20260916,0,Wednesday,ATH,AL,152,TBA,AL,152,n,STP01,,
20260916,0,Wednesday,PHI,NL,152,WAS,NL,153,n,WAS11,,
20260916,0,Wednesday,BAL,AL,153,NYN,NL,152,n,NYC20,,
20260916,0,Wednesday,ATL,NL,153,CHN,NL,153,n,CHI11,,
20260916,0,Wednesday,BOS,AL,152,TEX,AL,152,n,ARL03,,
20260916,0,Wednesday,KCA,AL,152,HOU,AL,152,n,HOU03,,
20260916,0,Wednesday,SDN,NL,152,COL,NL,152,n,DEN02,,
20260916,0,Wednesday,SEA,AL,153,ANA,AL,152,n,ANA01,,
20260916,0,Wednesday,MIA,NL,153,ARI,NL,153,n,PHO01,,
20260917,0,Thursday,MIL,NL,153,PIT,NL,153,d,PIT08,,
20260917,0,Thursday,LAN,NL,153,CIN,NL,153,d,CIN09,,
20260917,0,Thursday,ATH,AL,153,TBA,AL,153,d,STP01,,
20260917,0,Thursday,SDN,NL,153,COL,NL,153,d,DEN02,,
20260917,0,Thursday,KCA,AL,153,HOU,AL,153,n,HOU03,,
20260917,0,Thursday,PHI,NL,153,NYN,NL,153,n,NYC20,,
20260917,0,Thursday,DET,AL,153,CHA,AL,153,n,CHI12,,
20260917,0,Thursday,BOS,AL,153,TEX,AL,153,n,ARL03,,
20260917,0,Thursday,MIN,AL,153,ANA,AL,153,n,ANA01,,
20260918,0,Friday,CHN,NL,154,CIN,NL,154,n,CIN09,,
20260918,0,Friday,KCA,AL,154,PIT,NL,154,n,PIT08,,
20260918,0,Friday,MIL,NL,154,BAL,AL,154,n,BAL12,,
20260918,0,Friday,ATH,AL,154,CLE,AL,154,n,CLE08,,
20260918,0,Friday,PHI,NL,154,NYN,NL,154,n,NYC20,,
20260918,0,Friday,BOS,AL,154,TBA,AL,154,n,STP01,,
20260918,0,Friday,DET,AL,154,CHA,AL,154,n,CHI12,,
20260918,0,Friday,TOR,AL,154,TEX,AL,154,n,ARL03,,
20260918,0,Friday,SEA,AL,154,COL,NL,154,n,DEN02,,
20260918,0,Friday,ATL,NL,154,HOU,AL,154,n,HOU03,,
20260918,0,Friday,WAS,NL,154,SLN,NL,154,n,STL10,,
20260918,0,Friday,MIN,AL,154,ANA,AL,154,n,ANA01,,
20260918,0,Friday,NYA,AL,154,ARI,NL,154,n,PHO01,,
20260918,0,Friday,MIA,NL,154,SDN,NL,154,n,SAN02,,
20260918,0,Friday,SFN,NL,154,LAN,NL,154,n,LOS03,,
20260919,0,Saturday,MIL,NL,155,BAL,AL,155,d,BAL12,,
20260919,0,Saturday,PHI,NL,155,NYN,NL,155,d,NYC20,,
20260919,0,Saturday,BOS,AL,155,TBA,AL,155,d,STP01,,
20260919,0,Saturday,ATH,AL,155,CLE,AL,155,n,CLE08,,
20260919,0,Saturday,CHN,NL,155,CIN,NL,155,n,CIN09,,
20260919,0,Saturday,KCA,AL,155,PIT,NL,155,n,PIT08,,
20260919,0,Saturday,TOR,AL,155,TEX,AL,155,n,ARL03,,
20260919,0,Saturday,DET,AL,155,CHA,AL,155,n,CHI12,,
20260919,0,Saturday,ATL,NL,155,HOU,AL,155,n,HOU03,,
20260919,0,Saturday,WAS,NL,155,SLN,NL,155,n,STL10,,
20260919,0,Saturday,NYA,AL,155,ARI,NL,155,d,PHO01,,
20260919,0,Saturday,SEA,AL,155,COL,NL,155,n,DEN02,,
20260919,0,Saturday,MIA,NL,155,SDN,NL,155,d,SAN02,,
20260919,0,Saturday,SFN,NL,155,LAN,NL,155,n,LOS03,,
20260919,0,Saturday,MIN,AL,155,ANA,AL,155,n,ANA01,,
20260920,0,Sunday,KCA,AL,156,PIT,NL,156,d,PIT08,,
20260920,0,Sunday,CHN,NL,156,CIN,NL,156,d,CIN09,,
20260920,0,Sunday,ATH,AL,156,CLE,AL,156,d,CLE08,,
20260920,0,Sunday,PHI,NL,156,NYN,NL,156,d,NYC20,,
20260920,0,Sunday,BOS,AL,156,TBA,AL,156,d,STP01,,
20260920,0,Sunday,DET,AL,156,CHA,AL,156,d,CHI12,,
20260920,0,Sunday,ATL,NL,156,HOU,AL,156,d,HOU03,,
20260920,0,Sunday,WAS,NL,156,SLN,NL,156,d,STL10,,
20260920,0,Sunday,TOR,AL,156,TEX,AL,156,d,ARL03,,
20260920,0,Sunday,SEA,AL,156,COL,NL,156,d,DEN02,,
20260920,0,Sunday,MIN,AL,156,ANA,AL,156,d,ANA01,,
20260920,0,Sunday,NYA,AL,156,ARI,NL,156,d,PHO01,,
20260920,0,Sunday,SFN,NL,156,LAN,NL,156,d,LOS03,,
20260920,0,Sunday,MIA,NL,156,SDN,NL,156,d,SAN02,,
20260920,0,Sunday,MIL,NL,156,BAL,AL,156,n,BAL12,,
20260921,0,Monday,TOR,AL,157,BAL,AL,157,n,BAL12,,
20260921,0,Monday,WAS,NL,157,DET,AL,157,n,DET05,,
20260921,0,Monday,MIN,AL,157,SFN,NL,157,n,SFO03,,
20260922,0,Tuesday,TOR,AL,158,BAL,AL,158,n,BAL12,,
20260922,0,Tuesday,WAS,NL,158,DET,AL,158,n,DET05,,
20260922,0,Tuesday,MIL,NL,157,PHI,NL,157,n,PHI13,,
20260922,0,Tuesday,SLN,NL,157,PIT,NL,157,n,PIT08,,
20260922,0,Tuesday,CLE,AL,157,BOS,AL,157,n,BOS07,,
20260922,0,Tuesday,TBA,AL,157,NYA,AL,157,n,NYC21,,
20260922,0,Tuesday,CIN,NL,157,ATL,NL,157,n,ATL03,,
20260922,0,Tuesday,MIA,NL,157,CHN,NL,157,n,CHI11,,
20260922,0,Tuesday,CHA,AL,157,KCA,AL,157,n,KAN06,,
20260922,0,Tuesday,NYN,NL,157,TEX,AL,157,n,ARL03,,
20260922,0,Tuesday,ARI,NL,157,COL,NL,157,n,DEN02,,
20260922,0,Tuesday,ANA,AL,157,ATH,AL,157,n,SAC01,,
20260922,0,Tuesday,HOU,AL,157,SEA,AL,157,n,SEA03,,
20260922,0,Tuesday,MIN,AL,158,SFN,NL,158,n,SFO03,,
20260922,0,Tuesday,SDN,NL,157,LAN,NL,157,n,LOS03,,
20260923,0,Wednesday,WAS,NL,159,DET,AL,159,d,DET05,,
20260923,0,Wednesday,MIN,AL,159,SFN,NL,159,d,SFO03,,
20260923,0,Wednesday,TOR,AL,159,BAL,AL,159,n,BAL12,,
20260923,0,Wednesday,MIL,NL,158,PHI,NL,158,n,PHI13,,
20260923,0,Wednesday,SLN,NL,158,PIT,NL,158,n,PIT08,,
20260923,0,Wednesday,TBA,AL,158,NYA,AL,158,n,NYC21,,
20260923,0,Wednesday,CLE,AL,158,BOS,AL,158,n,BOS07,,
20260923,0,Wednesday,CIN,NL,158,ATL,NL,158,n,ATL03,,
20260923,0,Wednesday,MIA,NL,158,CHN,NL,158,n,CHI11,,
20260923,0,Wednesday,CHA,AL,158,KCA,AL,158,n,KAN06,,
20260923,0,Wednesday,NYN,NL,158,TEX,AL,158,n,ARL03,,
20260923,0,Wednesday,ARI,NL,158,COL,NL,158,n,DEN02,,
20260923,0,Wednesday,ANA,AL,158,ATH,AL,158,n,SAC01,,
20260923,0,Wednesday,SDN,NL,158,LAN,NL,158,n,LOS03,,
20260923,0,Wednesday,HOU,AL,158,SEA,AL,158,n,SEA03,,
20260924,0,Thursday,SLN,NL,159,PIT,NL,159,d,PIT08,,
20260924,0,Thursday,CHA,AL,159,KCA,AL,159,d,KAN06,,
20260924,0,Thursday,MIA,NL,159,CHN,NL,159,d,CHI11,,
20260924,0,Thursday,NYN,NL,159,TEX,AL,159,d,ARL03,,
20260924,0,Thursday,ARI,NL,159,COL,NL,159,d,DEN02,,
20260924,0,Thursday,MIL,NL,159,PHI,NL,159,n,PHI13,,
20260924,0,Thursday,CLE,AL,159,BOS,AL,159,n,BOS07,,
20260924,0,Thursday,TBA,AL,159,NYA,AL,159,n,NYC21,,
20260924,0,Thursday,CIN,NL,159,ATL,NL,159,n,ATL03,,
20260924,0,Thursday,HOU,AL,159,ATH,AL,159,n,SAC01,,
20260924,0,Thursday,ANA,AL,159,SEA,AL,159,n,SEA03,,
20260924,0,Thursday,SDN,NL,159,LAN,NL,159,n,LOS03,,
20260925,0,Friday,PIT,NL,160,DET,AL,160,n,DET05,,
20260925,0,Friday,TBA,AL,160,PHI,NL,160,n,PHI13,,
20260925,0,Friday,NYN,NL,160,WAS,NL,160,n,WAS11,,
20260925,0,Friday,BAL,AL,160,NYA,AL,160,n,NYC21,,
20260925,0,Friday,CIN,NL,160,TOR,AL,160,n,TOR02,,
20260925,0,Friday,CHN,NL,160,BOS,AL,160,n,BOS07,,
20260925,0,Friday,ATL,NL,160,MIA,NL,160,n,MIA02,,
20260925,0,Friday,COL,NL,160,CHA,AL,160,n,CHI12,,
20260925,0,Friday,CLE,AL,160,KCA,AL,160,n,KAN06,,
20260925,0,Friday,SLN,NL,160,MIL,NL,160,n,MIL06,,
20260925,0,Friday,TEX,AL,160,MIN,AL,160,n,MIN04,,
20260925,0,Friday,HOU,AL,160,ATH,AL,160,n,SAC01,,
20260925,0,Friday,ARI,NL,160,SDN,NL,160,n,SAN02,,
20260925,0,Friday,ANA,AL,160,SEA,AL,160,n,SEA03,,
20260925,0,Friday,LAN,NL,160,SFN,NL,160,n,SFO03,,
20260926,0,Saturday,PIT,NL,161,DET,AL,161,d,DET05,,
20260926,0,Saturday,CIN,NL,161,TOR,AL,161,d,TOR02,,
20260926,0,Saturday,LAN,NL,161,SFN,NL,161,d,SFO03,,
20260926,0,Saturday,NYN,NL,161,WAS,NL,161,d,WAS11,,
20260926,0,Saturday,ATL,NL,161,MIA,NL,161,d,MIA02,,
20260926,0,Saturday,TEX,AL,161,MIN,AL,161,d,MIN04,,
20260926,0,Saturday,TBA,AL,161,PHI,NL,161,n,PHI13,,
20260926,0,Saturday,BAL,AL,161,NYA,AL,161,n,NYC21,,
20260926,0,Saturday,COL,NL,161,CHA,AL,161,n,CHI12,,
20260926,0,Saturday,CLE,AL,161,KCA,AL,161,n,KAN06,,
20260926,0,Saturday,SLN,NL,161,MIL,NL,161,n,MIL06,,
20260926,0,Saturday,CHN,NL,161,BOS,AL,161,n,BOS07,,
20260926,0,Saturday,ARI,NL,161,SDN,NL,161,d,SAN02,,
20260926,0,Saturday,HOU,AL,161,ATH,AL,161,n,SAC01,,
20260926,0,Saturday,ANA,AL,161,SEA,AL,161,n,SEA03,,
20260927,0,Sunday,HOU,AL,162,ATH,AL,162,d,SAC01,,
20260927,0,Sunday,CHN,NL,162,BOS,AL,162,d,BOS07,,
20260927,0,Sunday,TBA,AL,162,PHI,NL,162,d,PHI13,,
20260927,0,Sunday,LAN,NL,162,SFN,NL,162,d,SFO03,,
20260927,0,Sunday,NYN,NL,162,WAS,NL,162,d,WAS11,,
20260927,0,Sunday,CIN,NL,162,TOR,AL,162,d,TOR02,,
20260927,0,Sunday,COL,NL,162,CHA,AL,162,d,CHI12,,
20260927,0,Sunday,PIT,NL,162,DET,AL,162,d,DET05,,
20260927,0,Sunday,CLE,AL,162,KCA,AL,162,d,KAN06,,
20260927,0,Sunday,ATL,NL,162,MIA,NL,162,d,MIA02,,
20260927,0,Sunday,SLN,NL,162,MIL,NL,162,d,MIL06,,
20260927,0,Sunday,TEX,AL,162,MIN,AL,162,d,MIN04,,
20260927,0,Sunday,ARI,NL,162,SDN,NL,162,d,SAN02,,
20260927,0,Sunday,ANA,AL,162,SEA,AL,162,d,SEA03,,
20260927,0,Sunday,BAL,AL,162,NYA,AL,162,d,NYC21,,
